tibetan,phonetic,origin,count,first_passages,note
རྡོ,dor,observed_TZ,34,r01-u04 r01-u05 r03-u06 r03-u09,majority evidence overrides rule 'do' (1 agreeing)
ཤོག,scho,observed_TZ,13,r04-u01 r04-u02 r04-u03 r04-u04,majority evidence overrides rule 'schog' (1 agreeing)
ཅི,dschi,observed_TZ,6,r13-u03 r13-u06 r13-u07 r17-u03,majority evidence overrides rule 'tschi' (1 agreeing)
ལྷན,län,observed_TZ,1,r19-u01,OCR-like variants ignored: Ihän; majority evidence overrides rule 'lhän' (0 agreeing)
ལྷ,lha,rule_contested,68,r01-u02 r01-u05 r02-u04 r03-u05,OCR-like variants ignored: Iha; single TZ observation(s) none plausible
བཀའ,ka,rule_contested,27,r01-u04 r03-u23 r04-u02 r04-u07,single TZ observation(s) kan:1
བསྟོད,tö,rule_contested,18,r02-u07 r08-u01 r10-u10 r11-u05,single TZ observation(s) dö:1
རྒྱན,gyän,rule_contested,11,r03-u12 r08-u06 r08-u07 r09-u03,OCR-like variants ignored: gyGn; single TZ observation(s) none plausible
ཐུན,thün,rule_contested,10,r02-u09 r04-u08 r17-u03 r17-u07,OCR-like variants ignored: thUn; single TZ observation(s) thin:1
ཐོ,tho,rule_contested,8,r02-u02 r02-u03 r09-u09 r12-u01,single TZ observation(s) tschig:1
མགྲིན,drin,rule_contested,8,r05-u04 r06-u01 r09-u01 r09-u05,"single TZ observation(s) thrim:1, thrin:1, trin:1"
མདུན,dün,rule_contested,7,r05-u04 r07-u02 r11-u08 r13-u08,single TZ observation(s) din:1
བསྐལ,käl,rule_contested,3,r03-u19 r06-u05 r08-u08,OCR-like variants ignored: kdl; single TZ observation(s) none plausible
སྟོད,tö,rule_contested,3,r03-u09 r03-u17 r09-u03,OCR-like variants ignored: dé; single TZ observation(s) none plausible
དུད,dü,rule_contested,2,r08-u04 r14-u05,OCR-like variants ignored: dt; single TZ observation(s) none plausible
ཚད,tshä,rule_contested,2,r01-u02 r10-u09,OCR-like variants ignored: tsG; single TZ observation(s) none plausible
འབད,bä,rule_contested,2,r18-u11 r19-u04,OCR-like variants ignored: bd; single TZ observation(s) none plausible
ཐག,thag,rule_contested,1,r17-u03,single TZ observation(s) trag:1
ནེ,ne,rule_contested,1,r11-u06,single TZ observation(s) ni:1
མགུལ,gül,rule_contested,1,r09-u02,single TZ observation(s) gil:1
འདུད,dü,rule_contested,1,r01-u04,OCR-like variants ignored: dU; single TZ observation(s) none plausible
ལྷས,lhä,rule_contested,1,r03-u30,OCR-like variants ignored: Ihä; single TZ observation(s) none plausible
སྐུའི,kü,rule_contested,1,r03-u02,OCR-like variants ignored: kU; single TZ observation(s) none plausible
སྐོང,kong,rule_contested,1,r07-u06,single TZ observation(s) kyong:1
སྙུག,nyug,rule_contested,1,r14-u08,single TZ observation(s) dug:1
མཧཱ,MAHA,rule_sanskrit,48,r02-u06 r06-u02 r07-u07 r10-u02,
ཁཱ,KHA,rule_sanskrit,33,r02-u06 r10-u06 r10-u08 r12-u04,
ཏ,TA,rule_sanskrit,23,r02-u06 r07-u07 r10-u05 r10-u06,Tibetan-looking syllable inside a mantra phrase
ཛ,DSA,rule_sanskrit,21,r02-u06 r09-u08 r10-u04 r10-u05,Tibetan-looking syllable inside a mantra phrase
རཀྟ,rakta,rule_sanskrit,13,r01-u06 r10-u08 r12-u13 r13-u08,
ཤྭ,SCHWA,rule_sanskrit,12,r06-u05 r10-u05 r11-u10 r11-u13,Tibetan-looking syllable inside a mantra phrase
གུ,GU,rule_sanskrit,11,r01-u04 r06-u01 r07-u07 r08-u06,Tibetan-looking syllable inside a mantra phrase
རཱ,RA,rule_sanskrit,9,r02-u06 r06-u04 r12-u04 r12-u06,
ཁཾ,KHAM,rule_sanskrit,8,r02-u02 r06-u03 r07-u07 r08-u04,
ཎ,NA,rule_sanskrit,8,r06-u02 r06-u05 r07-u07 r10-u05,
ཝཱ,WA,rule_sanskrit,8,r02-u06 r10-u05 r10-u07 r13-u02,
ལིཾ,LIM,rule_sanskrit,8,r12-u02 r12-u04 r12-u06 r12-u09,
དྷུ,DHU,rule_sanskrit,7,r07-u07 r10-u05 r12-u04 r13-u03,
པཱ,PA,rule_sanskrit,7,r07-u04 r11-u10 r12-u09 r13-u02,
མཾ,mam,rule_sanskrit,7,r08-u09 r09-u01 r10-u08 r13-u05,
ལི,LI,rule_sanskrit,7,r02-u06 r07-u07 r12-u04 r12-u10,Tibetan-looking syllable inside a mantra phrase
སིདྡྷི,SIDDHI,rule_sanskrit,7,r07-u04 r11-u14 r18-u04 r18-u09,
ཏི,TI,rule_sanskrit,6,r10-u04 r10-u05 r10-u08 r13-u13,Tibetan-looking syllable inside a mantra phrase
དུན,DUN,rule_sanskrit,6,r11-u13 r12-u04 r15-u06 r18-u04,Tibetan-looking syllable inside a mantra phrase
མྲྀ,MRI,rule_sanskrit,6,r07-u07 r10-u06 r10-u08 r13-u13,
ཛྭ,DSWA,rule_sanskrit,6,r06-u05 r07-u07 r11-u06 r12-u02,
སྟཾ,stam,rule_sanskrit,6,r02-u05 r12-u06 r12-u08 r13-u02,
པཉྩ,PANTSA,rule_sanskrit,5,r07-u07 r10-u06 r10-u08 r13-u13,
ཕཊཿ,PHATAH,rule_sanskrit,5,r11-u10 r16-u07 r16-u08,
མུ,MU,rule_sanskrit,5,r10-u05 r13-u13 r16-u05 r17-u05,Tibetan-looking syllable inside a mantra phrase
ཙིཏྟ,tsitta,rule_sanskrit,5,r09-u04 r10-u08 r11-u14 r13-u13,
རཏྣ,ratna,rule_sanskrit,5,r03-u15 r11-u06 r11-u10 r13-u01,
སྟྭཾ,STWAM,rule_sanskrit,5,r07-u05 r07-u07 r10-u02 r10-u03,
ཨི,I,rule_sanskrit,5,r02-u06 r12-u04 r12-u06 r12-u09,Tibetan-looking syllable inside a mantra phrase
གབ,GAB,rule_sanskrit,4,r17-u04,Tibetan-looking syllable inside a mantra phrase
གྲཱིཧྣ,GRIHNA,rule_sanskrit,4,r16-u08,
ཎི,NI,rule_sanskrit,4,r10-u02 r11-u06 r13-u02 r16-u07,
དཾ,DAM,rule_sanskrit,4,r12-u04 r12-u06 r12-u09 r15-u06,
རཀྟའི,raktai,rule_sanskrit,4,r09-u03 r10-u08 r14-u04 r18-u06,
ཧྱེ,HYE,rule_sanskrit,4,r10-u02 r12-u06 r13-u02 r15-u04,Tibetan-looking syllable inside a mantra phrase
ཧྲིཾ,hrim,rule_sanskrit,4,r16-u05 r18-u04,
ཀརྨ,KARMA,rule_sanskrit,3,r07-u04 r11-u10 r18-u09,invalid Tibetan structure: invalid prefix 'ཀརྨ'
ཀྐ,KKA,rule_sanskrit,3,r11-u14 r18-u04 r18-u09,
ནྲི,NRI,rule_sanskrit,3,r10-u08 r13-u13,
པུཥྤེ,PUSCHPE,rule_sanskrit,3,r07-u07 r10-u05 r13-u03,
པཾ,PAM,rule_sanskrit,3,r06-u02 r08-u09 r09-u07,
བི,BI,rule_sanskrit,3,r06-u05 r13-u01,Tibetan-looking syllable inside a mantra phrase
བྷྱོ,bhyo,rule_sanskrit,3,r16-u06 r17-u04,
བྷྲུཾ,bhrung,rule_sanskrit,3,r08-u04 r13-u01 r14-u01,
ཙི,TSI,rule_sanskrit,3,r10-u07 r11-u06 r18-u09,Tibetan-looking syllable inside a mantra phrase
ཚོཊ,tshot,rule_sanskrit,3,r13-u11 r13-u12 r16-u01,
རཀ,rak,rule_sanskrit,3,r11-u05 r13-u01 r13-u05,invalid Tibetan structure: invalid suffix 'རཀ'
རཀྨོ,RAKMO,rule_sanskrit,3,r12-u08 r12-u09 r15-u06,
ལཱ,LA,rule_sanskrit,3,r12-u03 r12-u06 r12-u08,
ཤཔྟའི,SCHAPTAI,rule_sanskrit,3,r02-u06 r07-u07 r17-u01,
སིངྡྷི,SINGDHI,rule_sanskrit,3,r10-u07,
སུམྦྷ,SUMBHA,rule_sanskrit,3,r06-u04 r16-u08,
སྥ,SPHA,rule_sanskrit,3,r06-u02 r07-u07 r10-u05,
ཨཏྨ,ATMA,rule_sanskrit,3,r12-u08 r12-u09 r17-u04,
ཨཾ,am,rule_sanskrit,3,r07-u06 r09-u08 r09-u09,
ཀཱ,KA,rule_sanskrit,2,r10-u07 r11-u14,
ཀིཾ,KIM,rule_sanskrit,2,r10-u08,
ཀུ,KU,rule_sanskrit,2,r07-u04 r07-u06,Tibetan-looking syllable inside a mantra phrase
ཀེཾ,kem,rule_sanskrit,2,r08-u04 r13-u13,
ཀྲིཏ,KRIT,rule_sanskrit,2,r11-u13 r18-u04,invalid Tibetan structure: invalid suffix 'ཀྲིཏ'
ངྷ,ngha,rule_sanskrit,2,r11-u04 r17-u04,
ཆཊ,tschat,rule_sanskrit,2,r13-u06 r14-u01,
ཏིཀྵ,TIKSCHA,rule_sanskrit,2,r06-u05 r13-u01,
ཏིཾ,TIM,rule_sanskrit,2,r11-u13 r18-u04,
ཏོ,TO,rule_sanskrit,2,r07-u04 r15-u06,Tibetan-looking syllable inside a mantra phrase
ཏཾ,TAM,rule_sanskrit,2,r07-u07 r19-u04,
ཏྟ,TTA,rule_sanskrit,2,r10-u07 r18-u09,
ཏྲག,TRAG,rule_sanskrit,2,r11-u13 r18-u04,Tibetan-looking syllable inside a mantra phrase
ཐཱ,THA,rule_sanskrit,2,r10-u05 r17-u01,
ཐུཊ,thut,rule_sanskrit,2,r18-u08,
དྱཱ,DYA,rule_sanskrit,2,r10-u05 r13-u03,
ནཻ,NAI,rule_sanskrit,2,r10-u05 r13-u03,
པཎ,pan,rule_sanskrit,2,r03-u26 r14-u11,
པདྨནྟ,PADMANTA,rule_sanskrit,2,r11-u13 r18-u04,
པཱུ,PU,rule_sanskrit,2,r10-u05 r13-u05,
པེ,PE,rule_sanskrit,2,r07-u07 r10-u05,Tibetan-looking syllable inside a mantra phrase
བརྟ,BARTA,rule_sanskrit,2,r14-u02,Tibetan-looking syllable inside a mantra phrase
བཻཀྩེ,baiktse,rule_sanskrit,2,r14-u11 r17-u07,
བྷི,BHI,rule_sanskrit,2,r11-u06 r15-u06,
མཎྜ,MANDA,rule_sanskrit,2,r06-u02,
མཎྜལ,MANDAL,rule_sanskrit,2,r06-u02 r07-u07,
མཱ,MA,rule_sanskrit,2,r12-u03 r12-u06,
ཙྪ,TSTSHA,rule_sanskrit,2,r10-u05 r13-u03,
ཝས,WAS,rule_sanskrit,2,r11-u03 r14-u01,Tibetan-looking syllable inside a mantra phrase
ཝི,WI,rule_sanskrit,2,r10-u05 r13-u03,Tibetan-looking syllable inside a mantra phrase
རཱུ,RU,rule_sanskrit,2,r10-u05 r15-u06,
ཤུདྡྷ,SCHUDDHA,rule_sanskrit,2,r06-u02 r13-u01,
ཤུདྡྷོ྅ཧཾ,SCHUDDHOHAM,rule_sanskrit,2,r06-u02 r13-u01,
ཤྭར,SCHWAR,rule_sanskrit,2,r11-u10,Tibetan-looking syllable inside a mantra phrase
ཥྱོ,SCHYO,rule_sanskrit,2,r07-u04,
སཾ,SAM,rule_sanskrit,2,r06-u02 r07-u07,
ཀརྵ,KARSCHA,rule_sanskrit,1,r12-u08,
ཀོཉཧཾ,KONYAHAM,rule_sanskrit,1,r17-u04,
ཀྩེ,ktse,rule_sanskrit,1,r13-u07,
ཀྭ,KWA,rule_sanskrit,1,r18-u09,Tibetan-looking syllable inside a mantra phrase
ཀྱཻ,kyai,rule_sanskrit,1,r12-u11,
ཀྱཻཿ,kyaih,rule_sanskrit,1,r12-u10,
ཀྲོངྷ,KRONGHA,rule_sanskrit,1,r17-u04,
ཁཱཧི,KHAHI,rule_sanskrit,1,r13-u13,
གཎྜེ,GANDE,rule_sanskrit,1,r11-u10,
གྲཊ,grat,rule_sanskrit,1,r03-u30,
གྷ,GHA,rule_sanskrit,1,r10-u05,
གྷྲི,GHRI,rule_sanskrit,1,r15-u06,
གྷྲིཧྣ,GHRIHNA,rule_sanskrit,1,r15-u06,
གྷྲྀ,GHRI,rule_sanskrit,1,r01-u04,
ངྡྷི,NGDHI,rule_sanskrit,1,r10-u08,
ཉྩ,NTSA,rule_sanskrit,1,r16-u06,
ཊ,TA,rule_sanskrit,1,r11-u10,
ཌ,DA,rule_sanskrit,1,r15-u06,
ཌཱ,da,rule_sanskrit,1,r18-u08,
ཌི,DI,rule_sanskrit,1,r07-u04,
ཌྷོ,DHO,rule_sanskrit,1,r07-u04,
ཎྱཻའི,nyaii,rule_sanskrit,1,r01-u05,
ཏཱི,TI,rule_sanskrit,1,r13-u03,
ཏཱེ,TE,rule_sanskrit,1,r07-u04,
ཏིཥྛ,TISCHTHA,rule_sanskrit,1,r07-u04,
ཏྲུཾ,TRUNG,rule_sanskrit,1,r12-u09,
ཏྲཻ,trai,rule_sanskrit,1,r16-u04,
ཏྲཾ,tram,rule_sanskrit,1,r16-u04,
དབུཊ,dabut,rule_sanskrit,1,r13-u13,
དྷརྨ,DHARMA,rule_sanskrit,1,r10-u05,
དྷརྨཿ,DHARMAH,rule_sanskrit,1,r06-u02,
དྷས,DHAS,rule_sanskrit,1,r14-u01,
དྷཱའི,DHAI,rule_sanskrit,1,r10-u05,
དྷེ,DHE,rule_sanskrit,1,r11-u10,
ནཱ,NA,rule_sanskrit,1,r06-u04,
ནྱ,NYA,rule_sanskrit,1,r17-u04,
པཱུཛཏེ,PUDSATE,rule_sanskrit,1,r12-u02,
ཕལ,PHAL,rule_sanskrit,1,r18-u04,Tibetan-looking syllable inside a mantra phrase
ཕྲུཾ,phrung,rule_sanskrit,1,r09-u01,
བགེཊ,baget,rule_sanskrit,1,r06-u04,
བནྡྷ,bandha,rule_sanskrit,1,r08-u05,
བཛྭ,BADSWA,rule_sanskrit,1,r12-u04,
བཤཊ,baschat,rule_sanskrit,1,r13-u06,
བསངས,BASANGAS,rule_sanskrit,1,r14-u01,Tibetan-looking syllable inside a mantra phrase
བིགྷྣན,BIGHNAN,rule_sanskrit,1,r12-u09,
བིངྱ,BINGYA,rule_sanskrit,1,r16-u08,
བིདྱ,BIDYA,rule_sanskrit,1,r06-u04,
བེཀྩེ,bektse,rule_sanskrit,1,r14-u01,
མུཉྩ,MUNTSA,rule_sanskrit,1,r07-u04,
མུཿ,muh,rule_sanskrit,1,r19-u02,
མྨེ,MME,rule_sanskrit,1,r07-u04,
ཙཀྲ,TSAKRA,rule_sanskrit,1,r13-u05,invalid Tibetan structure: invalid prefix 'ཙཀྲ'
ཙནྟ,TSANTA,rule_sanskrit,1,r06-u02,
ཙནྡྲ,tsandra,rule_sanskrit,1,r09-u11,
ཙིཏྟའི,tsittai,rule_sanskrit,1,r08-u06,
ཙིཏྟཾ,TSITTAM,rule_sanskrit,1,r07-u04,
ཙིནྟ,TSINTA,rule_sanskrit,1,r11-u06,
ཛྲ,DSRA,rule_sanskrit,1,r13-u01,
ཝཾ,wam,rule_sanskrit,1,r12-u03,
ཡཀྵ,yakscha,rule_sanskrit,1,r09-u09,
ཡཙྩ,YATSTSA,rule_sanskrit,1,r07-u04,
ཡུ,YU,rule_sanskrit,1,r18-u04,Tibetan-looking syllable inside a mantra phrase
རཀྴ,rakscha,rule_sanskrit,1,r11-u03,
རཀྵོ,RAKSCHO,rule_sanskrit,1,r07-u04,
རུཿ,RUH,rule_sanskrit,1,r13-u02,
རྨ,RMA,rule_sanskrit,1,r13-u01,Tibetan-looking syllable inside a mantra phrase
ལིང,LING,rule_sanskrit,1,r15-u06,Tibetan-looking syllable inside a mantra phrase
ལིངྟ,lingta,rule_sanskrit,1,r07-u07,
ཤཱུ,SCHU,rule_sanskrit,1,r17-u04,
ཤུདྡྷེ,SCHUDDHE,rule_sanskrit,1,r13-u01,
ཤཿ,SCHAH,rule_sanskrit,1,r07-u07,
ཤྱ,SCHYA,rule_sanskrit,1,r10-u02,
ཥི,SCHI,rule_sanskrit,1,r11-u06,
ཥཿ,SCHAH,rule_sanskrit,1,r07-u07,
སཏྭ,SATWA,rule_sanskrit,1,r07-u04,invalid Tibetan structure: invalid prefix 'སཏྭ'
སཱ,SA,rule_sanskrit,1,r12-u04,
སུརྱ,SURYA,rule_sanskrit,1,r06-u02,
སུཾ,sung,rule_sanskrit,1,r08-u04,
སེངྒའི,senggai,rule_sanskrit,1,r14-u08,
སོཊ,sot,rule_sanskrit,1,r14-u01,
སྕལ,stschal,rule_sanskrit,1,r18-u08,
སྕོལ,stschol,rule_sanskrit,1,r18-u10,
སྟིམ,STIM,rule_sanskrit,1,r02-u05,Tibetan-looking syllable inside a mantra phrase
སྤ,SPA,rule_sanskrit,1,r14-u02,Tibetan-looking syllable inside a mantra phrase
སྤརྴའི,SPARSCHAI,rule_sanskrit,1,r10-u05,
སྥོ,SPHO,rule_sanskrit,1,r11-u10,
ཧཱུཾཿ,hungh,rule_sanskrit,1,r02-u04,
ཧཾ,ham,rule_sanskrit,1,r09-u06,
ཧྲཱཾཿ,hramh,rule_sanskrit,1,r11-u04,
ཧྲིཿ,HRIH,rule_sanskrit,1,r17-u04,
ཨངྐུ,ANGKU,rule_sanskrit,1,r11-u10,
ཨཱོཾ,OM,rule_sanskrit,1,r07-u04,
ཨེཧྱེ,ehye,rule_sanskrit,1,r12-u03,
ཨྱོན,yon,rule_sanskrit,1,r03-u04,
ཞེས,sche,rule_tibetan,40,r01-u01 r01-u02 r01-u03 r02-u04,
གཏོར,tor,rule_tibetan,36,r01-u06 r02-u01 r02-u02 r02-u09,
གསང,sang,rule_tibetan,31,r01-u01 r01-u02 r01-u03 r01-u05,
བྱ,dscha,rule_tibetan,29,r01-u01 r01-u02 r01-u03 r01-u06,
བསྲུང,sung,rule_tibetan,27,r02-u01 r02-u07 r02-u08 r03-u18,
བརྒྱུད,gyü,rule_tibetan,26,r01-u04 r01-u06 r02-u09 r03-u10,
འབུལ,bül,rule_tibetan,26,r05-u05 r10-u05 r10-u06 r10-u08,
མཛོད,dzö,rule_tibetan,25,r01-u02 r03-u07 r07-u06 r12-u10,
དགྲ,dra,rule_tibetan,24,r02-u08 r07-u06 r10-u08 r11-u04,
ཅེས,tsche,rule_tibetan,21,r01-u06 r02-u07 r10-u10 r11-u03,
བསྐངས,kang,rule_tibetan,21,r14-u09 r14-u10 r14-u11,
བཅོལ,tschöl,rule_tibetan,20,r01-u05 r02-u09 r12-u11 r12-u12,
བཞེས,sche,rule_tibetan,19,r05-u05 r10-u09 r12-u05 r12-u07,
ཤ,scha,rule_tibetan,19,r07-u06 r11-u10 r12-u05 r12-u06,
སྲོག,sog,rule_tibetan,18,r12-u03 r12-u04 r12-u05 r12-u10,
ཕྱི,tschi,rule_tibetan,17,r01-u02 r01-u06 r02-u08 r08-u05,
བཟང,sang,rule_tibetan,17,r02-u03 r02-u07 r03-u01 r03-u08,
འཐུང,thung,rule_tibetan,16,r03-u03 r04-u01 r05-u04 r07-u02,
ག,ga,rule_tibetan,15,r06-u04 r07-u04 r07-u05 r07-u07,
བསམ,sam,rule_tibetan,15,r02-u03 r02-u09 r03-u06 r03-u25,
ལྕམ,tscham,rule_tibetan,15,r04-u07 r08-u06 r12-u06 r12-u07,
ཏོག,tog,rule_tibetan,14,r02-u09 r08-u06 r08-u07 r11-u05,
རིན,rin,rule_tibetan,14,r03-u10 r08-u04 r08-u05 r08-u06,
ལྷག,lhag,rule_tibetan,14,r09-u02 r15-u02 r15-u04 r15-u05,
ལེན,len,rule_tibetan,13,r01-u05 r03-u08 r04-u02 r10-u07,
སྤྲུལ,trül,rule_tibetan,13,r03-u04 r03-u24 r10-u10 r11-u04,
ཁྲོས,thrö,rule_tibetan,12,r01-u01 r01-u02 r01-u03 r03-u03,
བཤམས,scham,rule_tibetan,12,r02-u02 r13-u06 r13-u08 r14-u03,
ཡུལ,yül,rule_tibetan,12,r02-u03 r02-u07 r04-u02 r12-u03,
ཡོན,yön,rule_tibetan,12,r03-u10 r03-u11 r08-u01 r10-u05,
སྡེ,de,rule_tibetan,12,r01-u02 r02-u08 r03-u16 r03-u20,
སྨན,män,rule_tibetan,12,r01-u06 r08-u01 r10-u06 r11-u05,
གཏེར,ter,rule_tibetan,11,r03-u16 r11-u03 r12-u13 r13-u07,
གཟའ,sa,rule_tibetan,11,r04-u07 r08-u06 r12-u06 r12-u07,
མཐུ,thu,rule_tibetan,11,r03-u14 r03-u18 r04-u07 r07-u06,
ལན,län,rule_tibetan,11,r02-u06 r06-u03 r11-u07 r11-u14,
ལྕགས,tschag,rule_tibetan,11,r08-u05 r09-u02 r09-u09 r09-u11,
གོང,gong,rule_tibetan,10,r03-u19 r12-u06 r13-u06 r17-u01,
ངག,ngag,rule_tibetan,10,r03-u13 r03-u22 r03-u25 r03-u26,
དགུའི,gü,rule_tibetan,10,r01-u05 r03-u20 r07-u02 r09-u03,
དགོངས,gong,rule_tibetan,10,r03-u15 r03-u31 r04-u02 r04-u03,
བཅུད,tschü,rule_tibetan,10,r01-u01 r01-u02 r01-u03 r03-u16,
འགལ,gäl,rule_tibetan,10,r06-u01 r12-u10 r12-u14 r13-u06,
རྒྱུད,gyü,rule_tibetan,10,r02-u09 r03-u06 r03-u16 r03-u32,
ལྗང,dschang,rule_tibetan,10,r06-u01 r08-u05 r09-u01 r09-u06,
སྟོན,tön,rule_tibetan,10,r03-u09 r03-u19 r07-u06 r10-u10,
སྡོད,dö,rule_tibetan,10,r12-u02 r12-u05 r12-u07 r12-u10,
སྲིང,sing,rule_tibetan,10,r12-u08 r12-u09 r12-u10 r12-u11,
གནོད,nö,rule_tibetan,9,r04-u07 r09-u09 r12-u08 r12-u10,
ཆད,tschä,rule_tibetan,9,r11-u08 r12-u01 r12-u03 r12-u10,
ཆར,tschar,rule_tibetan,9,r01-u04 r03-u05 r03-u20 r04-u02,
དགོས,gö,rule_tibetan,9,r01-u05 r01-u06 r02-u01 r05-u05,
དམིགས,mig,rule_tibetan,9,r01-u05 r02-u01 r11-u08 r12-u11,
དྲེགས,dreg,rule_tibetan,9,r04-u07 r11-u12 r12-u05 r12-u06,
བབ,bab,rule_tibetan,9,r07-u06 r13-u12 r15-u04 r16-u05,
བྲག,drag,rule_tibetan,9,r03-u08 r03-u16 r12-u08 r12-u11,
མཁས,khä,rule_tibetan,9,r03-u06 r03-u07 r03-u08 r03-u17,
མང,mang,rule_tibetan,9,r03-u12 r03-u16 r03-u24 r07-u06,
ལུ,lu,rule_tibetan,9,r03-u17 r06-u02 r11-u10 r17-u04,
ལྟ,ta,rule_tibetan,9,r03-u31 r12-u03 r12-u12 r12-u13,
ཨེ,e,rule_tibetan,9,r08-u04 r10-u02 r12-u06 r13-u02,
གསེར,ser,rule_tibetan,8,r09-u11 r12-u11 r13-u07 r14-u04,
ཇི,dschi,rule_tibetan,8,r04-u02 r04-u04 r04-u07 r16-u01,
ཏིང,ting,rule_tibetan,8,r08-u01 r09-u01 r11-u09 r16-u01,
ཏྲི,tri,rule_tibetan,8,r12-u04 r13-u08 r15-u06 r16-u07,
དགྱེས,gye,rule_tibetan,8,r12-u13 r13-u04 r14-u03 r14-u04,
དཔུང,pung,rule_tibetan,8,r02-u03 r06-u04 r08-u08 r09-u10,
མངའ,nga,rule_tibetan,8,r03-u09 r03-u26 r12-u13 r13-u06,
མཐའ,tha,rule_tibetan,8,r03-u02 r03-u28 r05-u03 r05-u05,
མཐུན,thün,rule_tibetan,8,r05-u04 r09-u06 r12-u10 r12-u13,
མཚོའི,tshö,rule_tibetan,8,r03-u08 r03-u13 r03-u16 r13-u07,
ལག,lag,rule_tibetan,8,r03-u08 r03-u09 r03-u12 r07-u03,
སྒྲོལ,dröl,rule_tibetan,8,r07-u06 r08-u01 r10-u08 r11-u12,
སྤེལ,pel,rule_tibetan,8,r01-u02 r01-u06 r03-u06 r03-u17,
སྲིན,sin,rule_tibetan,8,r03-u04 r12-u06 r12-u10 r12-u11,
ཀློང,long,rule_tibetan,7,r08-u02 r09-u10 r09-u12 r12-u07,
གེ,ge,rule_tibetan,7,r01-u02 r03-u09 r09-u05 r09-u07,
དཔོན,pön,rule_tibetan,7,r05-u05 r07-u03 r12-u13 r15-u01,
ནམས,nam,rule_tibetan,7,r01-u02 r03-u07 r03-u18 r03-u20,
པུ,pu,rule_tibetan,7,r01-u05 r07-u07 r08-u06 r10-u04,
བདུན,dün,rule_tibetan,7,r02-u06 r05-u02 r05-u04 r11-u06,
བཟླས,dä,rule_tibetan,7,r11-u02 r11-u05 r11-u08 r11-u09,
བརླབས,lab,rule_tibetan,7,r12-u13 r14-u02 r15-u02 r15-u04,
བསོད,sö,rule_tibetan,7,r01-u02 r03-u07 r03-u18 r03-u20,
བསྙེན,nyen,rule_tibetan,7,r01-u05 r02-u01 r15-u06 r16-u03,
བྲང,drang,rule_tibetan,7,r03-u13 r03-u21 r03-u22 r03-u23,
མཚོ,tsho,rule_tibetan,7,r01-u04 r03-u22 r03-u28 r08-u04,
རྐྱེན,kyen,rule_tibetan,7,r05-u04 r06-u01 r12-u10 r12-u14,
རྒྱུན,gyün,rule_tibetan,7,r03-u17 r03-u18 r11-u07 r14-u05,
རྔམས,ngam,rule_tibetan,7,r08-u07 r10-u09 r11-u12 r11-u13,
རྫོགས,dzog,rule_tibetan,7,r04-u05 r05-u05 r06-u01 r09-u06,
ཤིག,schig,rule_tibetan,7,r12-u11 r13-u05 r16-u05 r18-u10,
སྐྱེམས,kyem,rule_tibetan,7,r12-u11 r13-u07 r14-u04,
ཀྱུ,kyu,rule_tibetan,6,r09-u02 r09-u09 r09-u11 r11-u04,
ཁུང,khung,rule_tibetan,6,r03-u31 r04-u04 r13-u08 r13-u09,
ཁྱེད,khye,rule_tibetan,6,r12-u10 r12-u11 r13-u06 r17-u02,
གཙུག,tsug,rule_tibetan,6,r03-u08 r03-u12 r06-u01 r09-u01,
གློག,log,rule_tibetan,6,r01-u02 r09-u02 r14-u06 r19-u05,
ཏྲེ,tre,rule_tibetan,6,r01-u02 r10-u02,
དཔེ,pe,rule_tibetan,6,r01-u02 r19-u05,
དེང,deng,rule_tibetan,6,r04-u01 r16-u01 r16-u02 r16-u03,
ནོར,nor,rule_tibetan,6,r01-u02 r03-u20 r03-u24 r17-u07,
བཙན,tsän,rule_tibetan,6,r12-u03 r12-u11 r12-u13 r15-u06,
བརྒྱ,gya,rule_tibetan,6,r11-u02 r11-u11 r13-u06 r17-u03,
བསྐང,kang,rule_tibetan,6,r12-u01 r14-u01 r14-u07 r14-u09,
བསྣོལ,nöl,rule_tibetan,6,r08-u09 r09-u09 r11-u04,
བྱེས,dsche,rule_tibetan,6,r01-u02 r03-u24 r19-u05,
བླངས,lang,rule_tibetan,6,r05-u03 r11-u14 r16-u01 r16-u02,
མཁན,khän,rule_tibetan,6,r03-u08 r03-u24 r03-u28 r12-u11,
མཁྱེན,khyen,rule_tibetan,6,r01-u02 r03-u09 r03-u10 r03-u12,
ཞི,schi,rule_tibetan,6,r03-u01 r13-u05 r13-u09 r14-u10,
རག,rag,rule_tibetan,6,r12-u03 r12-u11 r15-u02 r17-u01,
རུས,rü,rule_tibetan,6,r08-u04 r08-u06 r09-u03 r14-u05,
རྨད,mä,rule_tibetan,6,r10-u09 r12-u05 r12-u07 r14-u03,
རྩལ,tsäl,rule_tibetan,6,r04-u05 r07-u06 r12-u05 r12-u12,
རྩི,tsi,rule_tibetan,6,r03-u19 r05-u01 r08-u06 r14-u04,
སྐལ,käl,rule_tibetan,6,r03-u07 r03-u14 r03-u21 r18-u08,
སྒྲ,dra,rule_tibetan,6,r01-u01 r01-u02 r01-u03 r09-u01,
གཅོད,tschö,rule_tibetan,5,r05-u05 r11-u12 r12-u05 r12-u10,
གདབ,dab,rule_tibetan,5,r05-u04 r12-u01 r15-u01 r15-u04,
གཙང,tsang,rule_tibetan,5,r03-u09 r03-u17 r12-u11 r15-u02,
གིང,ging,rule_tibetan,5,r12-u05 r12-u13 r13-u07 r14-u01,
ཆས,tschä,rule_tibetan,5,r06-u01 r09-u10 r09-u12 r11-u04,
ཐོགས,thog,rule_tibetan,5,r09-u04 r12-u11 r12-u13 r13-u12,
དྲལ,dräl,rule_tibetan,5,r04-u07 r12-u06 r12-u07 r13-u13,
ནུབ,nub,rule_tibetan,5,r03-u04 r09-u09 r12-u03 r12-u06,
པོར,por,rule_tibetan,5,r03-u20 r08-u05 r09-u01 r11-u02,
ཕ,pha,rule_tibetan,5,r03-u28 r08-u06 r11-u02 r12-u03,
ཕུར,phur,rule_tibetan,5,r08-u06 r12-u01 r13-u12 r14-u07,
བརྗིད,dschi,rule_tibetan,5,r03-u02 r08-u06 r08-u07 r11-u12,
བཤད,schä,rule_tibetan,5,r03-u18 r03-u20 r03-u22 r14-u11,
བྱམས,dscham,rule_tibetan,5,r01-u02 r03-u13 r03-u27 r17-u02,
བློ,lo,rule_tibetan,5,r02-u09 r03-u16 r03-u22 r03-u24,
ཚང,tshang,rule_tibetan,5,r03-u24 r03-u25 r03-u27 r07-u01,
ཝན,wän,rule_tibetan,5,r01-u02 r06-u04 r07-u04 r07-u05,
འཇམ,dscham,rule_tibetan,5,r03-u21 r03-u23 r03-u25 r14-u06,
འདའ,da,rule_tibetan,5,r04-u07 r06-u05 r07-u03 r12-u11,
རྟགས,tag,rule_tibetan,5,r04-u05 r12-u12 r14-u07 r18-u03,
རྩིག,tsig,rule_tibetan,5,r08-u05 r08-u06,
རྩིབས,tsib,rule_tibetan,5,r08-u05 r09-u09,
སྒྲོགས,drog,rule_tibetan,5,r04-u08 r09-u11 r11-u12 r17-u06,
སྔར,ngar,rule_tibetan,5,r02-u08 r12-u08 r12-u11 r12-u13,
སྔོ,ngo,rule_tibetan,5,r02-u03 r02-u04 r08-u04 r09-u09,
སྡོང,dong,rule_tibetan,5,r12-u12 r16-u01 r16-u02 r16-u03,
སྦྱར,dschar,rule_tibetan,5,r12-u13 r13-u12 r14-u04 r19-u03,
ཀླད,lä,rule_tibetan,4,r01-u02 r19-u05,
གཉན,nyän,rule_tibetan,4,r03-u07 r12-u11 r14-u11 r16-u02,
གཏང,tang,rule_tibetan,4,r12-u11 r17-u01 r18-u02,
གཞུང,schung,rule_tibetan,4,r01-u05 r03-u28 r18-u10,
གྲགས,drag,rule_tibetan,4,r03-u05 r03-u15 r03-u18 r03-u23,
གྲྭ,dra,rule_tibetan,4,r03-u06 r03-u13 r03-u17 r03-u24,
གློ,lo,rule_tibetan,4,r09-u11,
ཆ,tscha,rule_tibetan,4,r03-u16 r06-u04 r09-u06 r17-u05,
ཉན,nyän,rule_tibetan,4,r03-u07 r12-u10 r12-u14 r14-u11,
ཐོག,thog,rule_tibetan,4,r12-u13 r12-u14 r15-u06 r17-u07,
ཐོན,thön,rule_tibetan,4,r02-u08 r02-u09 r18-u02 r18-u09,
ཐོས,thö,rule_tibetan,4,r02-u03 r02-u07 r03-u06 r03-u25,
དུང,dung,rule_tibetan,4,r09-u04 r12-u03 r14-u05 r14-u11,
དྲིན,drin,rule_tibetan,4,r03-u01 r03-u16 r03-u32 r05-u03,
ནོངས,nong,rule_tibetan,4,r12-u01 r17-u03 r18-u06,
ཕུད,phü,rule_tibetan,4,r12-u11 r14-u04 r15-u05,
ཕུལ,phül,rule_tibetan,4,r02-u05 r02-u06 r12-u10 r19-u03,
ཕྱེ,tsche,rule_tibetan,4,r03-u14 r03-u21 r12-u04 r16-u02,
བཏེག,teg,rule_tibetan,4,r04-u04 r08-u06 r08-u07,
བཞད,schä,rule_tibetan,4,r01-u01 r01-u02 r01-u03 r10-u09,
བཟད,sä,rule_tibetan,4,r06-u04 r11-u12 r13-u02 r13-u11,
བསལ,säl,rule_tibetan,4,r02-u01 r07-u01 r12-u11 r17-u02,
བསྐུལ,kül,rule_tibetan,4,r11-u13 r13-u11 r18-u09 r19-u03,
བུའི,bü,rule_tibetan,4,r12-u03 r17-u07 r18-u01 r19-u03,
བུར,bur,rule_tibetan,4,r08-u06 r12-u13 r14-u07 r17-u05,
བོན,bön,rule_tibetan,4,r07-u02 r08-u03 r09-u08 r12-u06,
བྱེ,dsche,rule_tibetan,4,r03-u21 r13-u05 r13-u12 r15-u01,
བྲན,drän,rule_tibetan,4,r15-u02 r15-u05 r16-u04,
མཆེད,tsche,rule_tibetan,4,r10-u09 r15-u01 r16-u03 r18-u11,
མུད,mü,rule_tibetan,4,r01-u04 r03-u09 r03-u13 r03-u14,
མུན,mün,rule_tibetan,4,r04-u04 r09-u04 r16-u08 r19-u04,
མོང,mong,rule_tibetan,4,r02-u09 r04-u08 r15-u03 r18-u08,
ཚན,tshän,rule_tibetan,4,r01-u02 r19-u05,
ཟ,sa,rule_tibetan,4,r09-u09 r12-u05 r14-u07 r17-u07,
ཟས,sä,rule_tibetan,4,r12-u05 r12-u07 r14-u05 r15-u01,
འདར,dar,rule_tibetan,4,r01-u04 r03-u05 r04-u02 r16-u02,
འཕྲོ,thro,rule_tibetan,4,r02-u04 r06-u01 r11-u09 r14-u09,
འབྲུ,dru,rule_tibetan,4,r09-u07 r15-u02 r16-u04,
འཛབ,dzab,rule_tibetan,4,r08-u01 r11-u08 r11-u12,
རྒོད,gö,rule_tibetan,4,r12-u03 r12-u13 r14-u08 r14-u11,
རྔ,nga,rule_tibetan,4,r03-u04 r08-u07 r14-u05 r14-u07,
རྡུལ,dül,rule_tibetan,4,r06-u04 r12-u10 r15-u03 r16-u05,
རྭ,ra,rule_tibetan,4,r03-u29 r14-u06,
ལུང,lung,rule_tibetan,4,r03-u16 r03-u32 r12-u03 r14-u09,
ལེ,le,rule_tibetan,4,r09-u03 r09-u07 r16-u06,
ལོའི,lö,rule_tibetan,4,r03-u23 r03-u24 r03-u29 r06-u05,
ལྕེ,tsche,rule_tibetan,4,r11-u02,
ལྷུན,lhün,rule_tibetan,4,r08-u03 r11-u07 r12-u13 r19-u04,
ཤུག,schug,rule_tibetan,4,r12-u04 r15-u06,
སྤུངས,pung,rule_tibetan,4,r12-u03 r12-u13 r14-u05 r14-u11,
སྲིད,si,rule_tibetan,4,r01-u04 r11-u03 r12-u10 r18-u08,
སླར,lar,rule_tibetan,4,r09-u01 r11-u02 r12-u10 r17-u05,
ཁས,khä,rule_tibetan,3,r16-u01 r16-u02 r16-u03,
ཁུ,khu,rule_tibetan,3,r04-u02 r09-u06 r09-u11,
ཁྱུང,khyung,rule_tibetan,3,r09-u03 r15-u06 r17-u04,
གཏམས,tam,rule_tibetan,3,r06-u05 r08-u05 r17-u07,
གཏོང,tong,rule_tibetan,3,r02-u08 r15-u06 r19-u01,
གདོད,dö,rule_tibetan,3,r04-u05 r04-u06 r17-u05,
གནད,nä,rule_tibetan,3,r03-u23 r07-u01 r15-u04,
གཟུང,sung,rule_tibetan,3,r03-u07 r03-u30 r19-u01,
ང,nga,rule_tibetan,3,r11-u12 r12-u14 r13-u12,
ཆེར,tscher,rule_tibetan,3,r03-u17 r03-u21 r03-u22,
ཉ,nya,rule_tibetan,3,r08-u09 r12-u13 r13-u09,
ཏན,tän,rule_tibetan,3,r03-u11 r13-u03 r18-u03,
དཀོན,kön,rule_tibetan,3,r03-u01 r05-u02 r12-u10,
དགའ,ga,rule_tibetan,3,r03-u19 r03-u22 r19-u03,
དགུ,gu,rule_tibetan,3,r03-u04 r12-u03 r13-u05,
དགོན,gön,rule_tibetan,3,r03-u09 r03-u15 r03-u26,
དད,dä,rule_tibetan,3,r11-u08 r19-u03,
དབབ,wab,rule_tibetan,3,r07-u05 r07-u06 r18-u05,
དབེན,wen,rule_tibetan,3,r03-u07 r03-u14 r03-u27,
དེབ,deb,rule_tibetan,3,r01-u02 r19-u05,
དེའི,de,rule_tibetan,3,r07-u01 r11-u01 r18-u02,
དྲུང,drung,rule_tibetan,3,r02-u02 r12-u12 r19-u02,
ནགས,nag,rule_tibetan,3,r03-u05 r03-u15 r19-u03,
ཕྲན,thrän,rule_tibetan,3,r09-u03 r12-u10 r12-u11,
བག,bag,rule_tibetan,3,r13-u06 r17-u03 r18-u01,
བཅུར,tschur,rule_tibetan,3,r03-u17 r09-u01 r17-u06,
བདེན,den,rule_tibetan,3,r04-u06 r13-u09,
བཞག,schag,rule_tibetan,3,r11-u03 r12-u11 r18-u01,
བཞེངས,scheng,rule_tibetan,3,r10-u02 r15-u03,
བཟླ,da,rule_tibetan,3,r11-u05 r11-u09 r18-u04,
བརྡུང,dung,rule_tibetan,3,r12-u01 r16-u07 r16-u08,
བརྩོན,tsön,rule_tibetan,3,r03-u06 r04-u02 r19-u03,
བརླབ,lab,rule_tibetan,3,r07-u07 r13-u01 r18-u08,
བཤན,schän,rule_tibetan,3,r12-u10 r12-u11,
བཤེགས,scheg,rule_tibetan,3,r05-u05 r12-u11 r19-u02,
བཤེས,sche,rule_tibetan,3,r01-u02,
བསེ,se,rule_tibetan,3,r12-u11 r14-u06 r14-u07,
བསྒྲུབ,drub,rule_tibetan,3,r15-u03 r15-u06 r16-u03,
བསྔོ,ngo,rule_tibetan,3,r02-u09 r05-u05 r18-u01,
བྲོ,dro,rule_tibetan,3,r12-u01 r16-u07 r16-u08,
མཐིང,thing,rule_tibetan,3,r09-u04 r09-u11 r11-u02,
མདོ,do,rule_tibetan,3,r03-u22 r03-u28 r16-u01,
མོས,mö,rule_tibetan,3,r06-u01 r08-u06 r19-u03,
ཟངས,sang,rule_tibetan,3,r12-u03 r12-u10,
ཟླུམ,dum,rule_tibetan,3,r08-u04 r08-u05 r09-u02,
འཁྲུལ,thrül,rule_tibetan,3,r03-u15 r03-u18 r04-u02,
འགུགས,gug,rule_tibetan,3,r09-u09 r11-u05 r12-u01,
འཆད,tschä,rule_tibetan,3,r03-u06 r03-u28 r12-u14,
འཇའ,dscha,rule_tibetan,3,r04-u06 r14-u07 r17-u05,
འཐོར,thor,rule_tibetan,3,r02-u09 r11-u05 r18-u08,
འདུ,du,rule_tibetan,3,r03-u16 r11-u09 r14-u08,
འདུག,dug,rule_tibetan,3,r02-u09 r13-u08 r19-u03,
འདུལ,dül,rule_tibetan,3,r02-u07 r03-u21 r14-u03,
འབེབས,beb,rule_tibetan,3,r03-u20 r05-u01 r13-u07,
འབྲུག,drug,rule_tibetan,3,r04-u08 r11-u12 r13-u09,
འཚེར,tsher,rule_tibetan,3,r06-u01 r09-u01 r11-u12,
ཡར,yar,rule_tibetan,3,r12-u01 r15-u03 r19-u01,
རོའི,rö,rule_tibetan,3,r01-u05 r04-u02 r12-u13,
རྦ,ba,rule_tibetan,3,r03-u11 r14-u04 r14-u05,
རྫུ,dzu,rule_tibetan,3,r12-u13 r15-u01 r18-u08,
རློག,log,rule_tibetan,3,r06-u04 r12-u07 r15-u03,
ལུགས,lug,rule_tibetan,3,r03-u15 r09-u06 r18-u01,
ལྟག,tag,rule_tibetan,3,r09-u06,
སང,sang,rule_tibetan,3,r18-u02 r18-u10,
སར,sar,rule_tibetan,3,r03-u26 r11-u09 r19-u01,
སྐབས,kab,rule_tibetan,3,r02-u01 r04-u03 r11-u01,
སྐྱ,kya,rule_tibetan,3,r03-u13 r08-u04 r18-u10,
སྒོམ,gom,rule_tibetan,3,r01-u05 r03-u06 r03-u25,
སྔ,nga,rule_tibetan,3,r18-u02 r19-u02,
སྤྲོས,trö,rule_tibetan,3,r11-u08 r13-u05 r13-u09,
སྦྲན,drän,rule_tibetan,3,r13-u01 r13-u05 r13-u08,
ཀི,ki,rule_tibetan,2,r11-u06,
ཀེ,ke,rule_tibetan,2,r10-u05 r13-u03,
ཁམ,kham,rule_tibetan,2,r09-u02 r09-u10,
གངས,gang,rule_tibetan,2,r03-u05 r04-u02,
གཉེན,nyen,rule_tibetan,2,r03-u04 r12-u12,
གཏད,tä,rule_tibetan,2,r12-u12 r14-u09,
གཏི,ti,rule_tibetan,2,r07-u03 r16-u08,
གཏིབས,tib,rule_tibetan,2,r04-u08 r09-u04,
གད,gä,rule_tibetan,2,r14-u04 r15-u01,
གདུགས,dug,rule_tibetan,2,r08-u07 r14-u08,
གདུལ,dül,rule_tibetan,2,r03-u07 r03-u22,
གནོན,nön,rule_tibetan,2,r01-u04 r03-u04,
གམ,gam,rule_tibetan,2,r08-u04,
གཙིགས,tsig,rule_tibetan,2,r09-u04 r09-u10,
གཞུ,schu,rule_tibetan,2,r05-u04 r08-u06,
གཟི,si,rule_tibetan,2,r03-u02 r17-u02,
གཟིགས,sig,rule_tibetan,2,r14-u01 r17-u02,
གཡར,yar,rule_tibetan,2,r12-u14 r18-u08,
གཤེད,sche,rule_tibetan,2,r12-u10 r13-u10,
གསན,sän,rule_tibetan,2,r08-u01 r10-u01,
གསུངས,sung,rule_tibetan,2,r01-u06 r16-u01,
གྱིང,gying,rule_tibetan,2,r04-u07 r12-u11,
གྱེན,gyen,rule_tibetan,2,r09-u02 r09-u10,
གྲངས,drang,rule_tibetan,2,r18-u02 r18-u10,
ངུར,ngur,rule_tibetan,2,r03-u24 r03-u27,
ངེ,nge,rule_tibetan,2,r11-u09 r17-u03,
ངོ,ngo,rule_tibetan,2,r03-u27 r09-u07,
ཅོད,tschö,rule_tibetan,2,r03-u26 r14-u11,
ཆག,tschag,rule_tibetan,2,r03-u09 r07-u06,
ཆུས,tschü,rule_tibetan,2,r15-u05 r16-u04,
ཆོ,tscho,rule_tibetan,2,r17-u02 r17-u03,
ཆོག,tschog,rule_tibetan,2,r18-u02,
ཉིན,nyin,rule_tibetan,2,r12-u12 r19-u04,
ཉེས,nye,rule_tibetan,2,r05-u05 r12-u12,
ཉོན,nyön,rule_tibetan,2,r13-u13 r17-u03,
ཐང,thang,rule_tibetan,2,r03-u14 r12-u03,
ཐིག,thig,rule_tibetan,2,r09-u03 r09-u07,
ཐེག,theg,rule_tibetan,2,r03-u20 r03-u26,
དགའི,däg,rule_tibetan,2,r03-u05 r03-u21,
དཔག,pag,rule_tibetan,2,r03-u02 r18-u03,
དཔྲལ,träl,rule_tibetan,2,r18-u09,
དབྱུག,yug,rule_tibetan,2,r09-u09 r14-u08,
དབྱེ,ye,rule_tibetan,2,r12-u01 r13-u10,
དམག,mag,rule_tibetan,2,r12-u11 r15-u06,
དམེ,me,rule_tibetan,2,r15-u02 r15-u04,
དར,dar,rule_tibetan,2,r14-u07 r16-u05,
ནད,nä,rule_tibetan,2,r14-u08 r18-u11,
པོས,pö,rule_tibetan,2,r08-u02 r13-u11,
ཕབ,phab,rule_tibetan,2,r13-u10 r15-u04,
ཕུང,phung,rule_tibetan,2,r10-u09 r16-u08,
ཕུན,phün,rule_tibetan,2,r03-u20 r04-u08,
བཀང,kang,rule_tibetan,2,r01-u05 r14-u03,
བཀུག,kug,rule_tibetan,2,r13-u09,
བཅུག,tschug,rule_tibetan,2,r01-u02 r13-u09,
བཅོད,tschö,rule_tibetan,2,r17-u04 r17-u07,
བཏུང,tung,rule_tibetan,2,r12-u13 r14-u04,
བཙོན,tsön,rule_tibetan,2,r15-u06 r19-u01,
བཟོ,so,rule_tibetan,2,r01-u02 r19-u05,
བཟློག,dog,rule_tibetan,2,r12-u14 r14-u11,
བརྒྱའི,gyä,rule_tibetan,2,r12-u13 r14-u05,
བརྙེས,nye,rule_tibetan,2,r15-u01,
བརྡ,da,rule_tibetan,2,r03-u31 r14-u09,
བརྫེས,dze,rule_tibetan,2,r09-u02 r09-u10,
བཤལ,schäl,rule_tibetan,2,r16-u04,
བསྒྱུར,gyur,rule_tibetan,2,r12-u05 r13-u05,
བསྒྲལ,dräl,rule_tibetan,2,r13-u08 r13-u13,
བསྒྲིགས,drig,rule_tibetan,2,r01-u02 r19-u03,
བསྔོས,ngö,rule_tibetan,2,r06-u03 r12-u13,
བསྟབ,tab,rule_tibetan,2,r13-u08 r13-u13,
བྱད,dschä,rule_tibetan,2,r12-u12 r13-u01,
བྱའི,dschä,rule_tibetan,2,r03-u22 r16-u01,
བྲེས,dre,rule_tibetan,2,r08-u06 r14-u08,
མཁའི,khä,rule_tibetan,2,r08-u02 r12-u07,
མཆོང,tschong,rule_tibetan,2,r12-u08 r12-u11,
མདའ,da,rule_tibetan,2,r08-u06 r14-u07,
མདུད,dü,rule_tibetan,2,r11-u03 r11-u04,
མཚར,tshar,rule_tibetan,2,r03-u16 r03-u17,
མཚོན,tshön,rule_tibetan,2,r06-u04 r14-u01,
མིན,min,rule_tibetan,2,r03-u03 r17-u02,
མུག,mug,rule_tibetan,2,r07-u03 r16-u08,
ཙན,tsän,rule_tibetan,2,r13-u05 r17-u04,
ཙམ,tsam,rule_tibetan,2,r11-u05 r12-u03,
ཚུགས,tshug,rule_tibetan,2,r11-u02 r12-u03,
ཚོན,tshön,rule_tibetan,2,r14-u07 r17-u05,
ཚོམ,tshom,rule_tibetan,2,r09-u03 r16-u04,
ཟག,sag,rule_tibetan,2,r03-u31 r14-u09,
འཁྲིགས,thrig,rule_tibetan,2,r08-u01 r14-u05,
འཁྲུག,thrug,rule_tibetan,2,r14-u04 r14-u05,
འགག,gag,rule_tibetan,2,r04-u05 r04-u06,
འགྱིང,gying,rule_tibetan,2,r09-u09 r11-u12,
འཐག,thag,rule_tibetan,2,r03-u14 r17-u07,
འཕན,phän,rule_tibetan,2,r08-u07 r14-u08,
འབུམ,bum,rule_tibetan,2,r12-u11 r15-u03,
འབྲུབ,drub,rule_tibetan,2,r13-u08,
ཡན,yän,rule_tibetan,2,r07-u03 r18-u01,
ཡམ,yam,rule_tibetan,2,r12-u03 r14-u11,
ཡལ,yäl,rule_tibetan,2,r02-u08 r17-u05,
རབས,rab,rule_tibetan,2,r04-u01 r05-u05,
རམས,ram,rule_tibetan,2,r01-u02,
རིའི,ri,rule_tibetan,2,r03-u04 r12-u06,
རིས,ri,rule_tibetan,2,r09-u03 r14-u07,
རེག,reg,rule_tibetan,2,r13-u04 r13-u05,
རྙིད,nyi,rule_tibetan,2,r08-u05 r09-u03,
རྡོར,dor,rule_tibetan,2,r09-u06 r17-u05,
རྣ,na,rule_tibetan,2,r09-u06,
རྣི,ni,rule_tibetan,2,r13-u08,
རྩད,tsä,rule_tibetan,2,r11-u12 r12-u05,
རྩུབ,tsub,rule_tibetan,2,r11-u07 r13-u09,
རྩེར,tser,rule_tibetan,2,r03-u04 r08-u06,
རྩོད,tsö,rule_tibetan,2,r03-u06 r03-u28,
རྩོམ,tsom,rule_tibetan,2,r03-u06 r03-u28,
རླུང,lung,rule_tibetan,2,r08-u04 r14-u06,
རློབས,lob,rule_tibetan,2,r03-u32 r13-u05,
ལངས,lang,rule_tibetan,2,r18-u02 r18-u10,
ལོག,log,rule_tibetan,2,r06-u04 r12-u12,
ལོང,long,rule_tibetan,2,r12-u14 r14-u08,
ལྡིང,ding,rule_tibetan,2,r12-u08 r14-u06,
ལྷོ,lho,rule_tibetan,2,r09-u09 r12-u06,
ཤུགས,schug,rule_tibetan,2,r12-u13 r14-u06,
ཤུད,schü,rule_tibetan,2,r12-u03 r14-u11,
ཤོ,scho,rule_tibetan,2,r11-u05,
སིལ,sil,rule_tibetan,2,r13-u05 r14-u05,
སེང,seng,rule_tibetan,2,r01-u02 r03-u09,
སེལ,sel,rule_tibetan,2,r11-u05 r19-u04,
སྐེད,ke,rule_tibetan,2,r03-u25 r03-u27,
སྐོངས,kong,rule_tibetan,2,r14-u01 r14-u11,
སྐྱོངས,kyong,rule_tibetan,2,r12-u10 r12-u12,
སྒོས,gö,rule_tibetan,2,r12-u12 r16-u04,
སྒྲིག,drig,rule_tibetan,2,r01-u02 r19-u05,
སྒྲོན,drön,rule_tibetan,2,r03-u13 r04-u04,
སྤུ,pu,rule_tibetan,2,r14-u06,
སྤོས,pö,rule_tibetan,2,r14-u05 r18-u06,
སྤྱིར,tschir,rule_tibetan,2,r12-u01 r13-u03,
སྤྱོན,tschön,rule_tibetan,2,r12-u13 r19-u02,
སྦྲུལ,drül,rule_tibetan,2,r09-u03 r09-u10,
སྨིག,mig,rule_tibetan,2,r03-u24 r03-u27,
སྨྲ,ma,rule_tibetan,2,r03-u12 r04-u02,
སྲོལ,söl,rule_tibetan,2,r01-u04 r16-u03,
ཀས,kä,rule_tibetan,1,r16-u01,
ཀེང,keng,rule_tibetan,1,r08-u04,
ཀླུབས,lub,rule_tibetan,1,r09-u03,
ཀློག,log,rule_tibetan,1,r14-u04,
ཁབ,khab,rule_tibetan,1,r03-u12,
ཁའུ,kha-u,rule_tibetan,1,r03-u18,
ཁར,khar,rule_tibetan,1,r03-u28,
ཁུག,khug,rule_tibetan,1,r13-u09,
ཁུའི,khü,rule_tibetan,1,r04-u02,
ཁོག,khog,rule_tibetan,1,r01-u05,
ཁྱི,khyi,rule_tibetan,1,r14-u06,
ཁྱིམ,khyim,rule_tibetan,1,r11-u03,
ཁྱུག,khyug,rule_tibetan,1,r14-u06,
ཁྱེར,khyer,rule_tibetan,1,r12-u06,
ཁྱོད,khyö,rule_tibetan,1,r12-u12,
ཁྱོན,khyön,rule_tibetan,1,r14-u03,
ཁྲབ,thrab,rule_tibetan,1,r14-u07,
ཁྲམ,thram,rule_tibetan,1,r14-u07,
ཁྲིད,thri,rule_tibetan,1,r03-u32,
ཁྲིམས,thrim,rule_tibetan,1,r03-u25,
ཁྲོའི,thrö,rule_tibetan,1,r18-u03,
གཅེས,tsche,rule_tibetan,1,r12-u12,
གཉའ,nya,rule_tibetan,1,r03-u30,
གཏུགས,tug,rule_tibetan,1,r17-u04,
གཏོག,tog,rule_tibetan,1,r12-u04,
གཏོགས,tog,rule_tibetan,1,r11-u03,
གཏོན,tön,rule_tibetan,1,r16-u02,
གདུང,dung,rule_tibetan,1,r08-u06,
གདུའ,du,rule_tibetan,1,r03-u23,
གན,gän,rule_tibetan,1,r08-u09,
གནམ,nam,rule_tibetan,1,r08-u05,
གཞིན,schin,rule_tibetan,1,r13-u03,
གཞིབས,schib,rule_tibetan,1,r14-u07,
གཞིའི,schi,rule_tibetan,1,r08-u01,
གཞིར,schir,rule_tibetan,1,r09-u11,
གཞུགས,schug,rule_tibetan,1,r05-u04,
གཞེས,sche,rule_tibetan,1,r02-u08,
གཞོང,schong,rule_tibetan,1,r16-u07,
གཞོམ,schom,rule_tibetan,1,r17-u02,
གཟང,sang,rule_tibetan,1,r03-u15,
གཟིག,sig,rule_tibetan,1,r14-u06,
གཟིས,si,rule_tibetan,1,r19-u04,
གཟེར,ser,rule_tibetan,1,r08-u05,
གཡག,yag,rule_tibetan,1,r14-u06,
གཡསགཉིས,yä nyi,rule_tibetan,1,r09-u02,"missing tsheg in source, read as གཡས+གཉིས"
གཡུ,yu,rule_tibetan,1,r09-u11,
གཡོག,yog,rule_tibetan,1,r15-u05,
གཡོལ,yöl,rule_tibetan,1,r17-u07,
གཡོས,yö,rule_tibetan,1,r10-u10,
གལ,gäl,rule_tibetan,1,r02-u09,
གཤམས,scham,rule_tibetan,1,r19-u02,
གཤིག,schig,rule_tibetan,1,r15-u05,
གཤིན,schin,rule_tibetan,1,r12-u10,
གཤིས,schi,rule_tibetan,1,r04-u06,
གཤེ,sche,rule_tibetan,1,r13-u05,
གཤེས,sche,rule_tibetan,1,r03-u25,
གཤོག,schog,rule_tibetan,1,r09-u03,
གསངས,sang,rule_tibetan,1,r14-u08,
གསར,sar,rule_tibetan,1,r03-u26,
གུའི,gü,rule_tibetan,1,r09-u01,
གུལ,gül,rule_tibetan,1,r14-u05,
གོམ,gom,rule_tibetan,1,r19-u01,
གོལ,göl,rule_tibetan,1,r12-u04,
གྲམ,dram,rule_tibetan,1,r11-u02,
གྲལ,dräl,rule_tibetan,1,r08-u06,
གྲིས,dri,rule_tibetan,1,r13-u13,
གྲུལ,drül,rule_tibetan,1,r09-u09,
གྲོང,drong,rule_tibetan,1,r12-u06,
ངལ,ngäl,rule_tibetan,1,r19-u03,
ངོར,ngor,rule_tibetan,1,r19-u03,
ཅང,tschang,rule_tibetan,1,r11-u08,
ཅིས,tschi,rule_tibetan,1,r11-u12,
ཅུའི,tschü,rule_tibetan,1,r19-u01,
ཅེ,tsche,rule_tibetan,1,r14-u06,
ཆང,tschang,rule_tibetan,1,r12-u11,
ཆབ,tschab,rule_tibetan,1,r14-u05,
ཆེད,tsche,rule_tibetan,1,r05-u03,
ཆོད,tschö,rule_tibetan,1,r12-u03,
ཉར,nyar,rule_tibetan,1,r13-u12,
ཏྲ,tra,rule_tibetan,1,r08-u09,
ཐར,thar,rule_tibetan,1,r11-u12,
ཐུ,thu,rule_tibetan,1,r03-u10,
ཐུག,thug,rule_tibetan,1,r18-u05,
ཐུལ,thül,rule_tibetan,1,r11-u02,
ཐེ,the,rule_tibetan,1,r01-u02,
ཐེངས,theng,rule_tibetan,1,r03-u23,
ཐེམས,them,rule_tibetan,1,r18-u10,
ཐེའུ,the-u,rule_tibetan,1,r12-u11,
དགེགས,geg,rule_tibetan,1,r11-u04,
དགོད,gö,rule_tibetan,1,r13-u05,
དན,dän,rule_tibetan,1,r13-u05,
དཔའི,pä,rule_tibetan,1,r15-u01,
དཔེའི,pe,rule_tibetan,1,r03-u02,
དཔྱོད,tschö,rule_tibetan,1,r19-u03,
དབྱིག,yig,rule_tibetan,1,r11-u13,
དབྱིབས,yib,rule_tibetan,1,r08-u03,
དབྱུང,yung,rule_tibetan,1,r07-u06,
དམན,män,rule_tibetan,1,r19-u03,
དིང,ding,rule_tibetan,1,r18-u10,
དུག,dug,rule_tibetan,1,r13-u13,
དེས,de,rule_tibetan,1,r08-u01,
དོང,dong,rule_tibetan,1,r03-u06,
དོམ,dom,rule_tibetan,1,r14-u06,
དོར,dor,rule_tibetan,1,r15-u06,
དྭགས,dag,rule_tibetan,1,r08-u07,
དྲའི,drä,rule_tibetan,1,r05-u04,
དྲེད,dre,rule_tibetan,1,r14-u06,
ནན,nän,rule_tibetan,1,r19-u03,
ནར,nar,rule_tibetan,1,r12-u07,
པོའང,po-ang,rule_tibetan,1,r18-u10,
ཕམ,pham,rule_tibetan,1,r16-u05,
ཕུག,phug,rule_tibetan,1,r03-u15,
ཕོབ,phob,rule_tibetan,1,r07-u06,
ཕྱིའི,tschi,rule_tibetan,1,r02-u08,
ཕྱུང,tschung,rule_tibetan,1,r03-u16,
ཕྱུར,tschur,rule_tibetan,1,r08-u06,
ཕྲ,thra,rule_tibetan,1,r11-u06,
ཕྲུ,thru,rule_tibetan,1,r15-u04,
ཕྲུམ,thrum,rule_tibetan,1,r09-u01,
བགྱེས,gye,rule_tibetan,1,r14-u08,
བགྲད,drä,rule_tibetan,1,r09-u10,
བང,bang,rule_tibetan,1,r08-u07,
བཅད,tschä,rule_tibetan,1,r13-u08,
བཅའ,tscha,rule_tibetan,1,r14-u04,
བཅིངས,tsching,rule_tibetan,1,r09-u10,
བཏགས,tag,rule_tibetan,1,r11-u11,
བད,bä,rule_tibetan,1,r08-u06,
བདུག,dug,rule_tibetan,1,r18-u06,
བདེར,der,rule_tibetan,1,r13-u03,
བན,bän,rule_tibetan,1,r11-u04,
བཞན,schän,rule_tibetan,1,r19-u04,
བཞིས,schi,rule_tibetan,1,r04-u03,
བཞོན,schön,rule_tibetan,1,r12-u12,
བཟོའི,sö,rule_tibetan,1,r19-u03,
བའམ,wa-am,rule_tibetan,1,r15-u06,
བརྒྱས,gyä,rule_tibetan,1,r18-u06,
བརྙན,nyän,rule_tibetan,1,r03-u02,
བརྟགས,tag,rule_tibetan,1,r04-u06,
བརྟར,tar,rule_tibetan,1,r18-u01,
བརྡར,dar,rule_tibetan,1,r13-u09,
བརྩིགས,tsig,rule_tibetan,1,r02-u02,
བརྩེའི,tse,rule_tibetan,1,r03-u17,
བརླག,lag,rule_tibetan,1,r12-u10,
བལྟ,ta,rule_tibetan,1,r01-u05,
བཤིག,schig,rule_tibetan,1,r11-u02,
བསྐུམ,kum,rule_tibetan,1,r09-u03,
བསྐྱང,kyang,rule_tibetan,1,r15-u04,
བསྐྱངས,kyang,rule_tibetan,1,r18-u01,
བསྐྱེལ,kyel,rule_tibetan,1,r19-u01,
བསྐྲད,trä,rule_tibetan,1,r06-u01,
བསྐྲོད,trö,rule_tibetan,1,r01-u06,
བསྒོས,gö,rule_tibetan,1,r04-u07,
བསྒྲད,drä,rule_tibetan,1,r09-u04,
བསྒྲུགས,drug,rule_tibetan,1,r19-u03,
བསྒྲུབས,drub,rule_tibetan,1,r12-u10,
བསྒྲུལ,drül,rule_tibetan,1,r13-u13,
བསྒྲེངས,dreng,rule_tibetan,1,r14-u05,
བསྟར,tar,rule_tibetan,1,r19-u02,
བསྟིམ,tim,rule_tibetan,1,r13-u09,
བསྡུད,dü,rule_tibetan,1,r11-u12,
བསྡུའོ,du-o,rule_tibetan,1,r19-u02,
བསྡེབས,deb,rule_tibetan,1,r19-u03,
བསྣུན,nün,rule_tibetan,1,r09-u09,
བསྲ,sa,rule_tibetan,1,r11-u02,
བསྲངས,sang,rule_tibetan,1,r18-u10,
བསྲིངས,sing,rule_tibetan,1,r12-u10,
བསྲུངས,sung,rule_tibetan,1,r12-u12,
བསྲེ,se,rule_tibetan,1,r15-u05,
བསྲེག,seg,rule_tibetan,1,r11-u02,
བསྲེས,se,rule_tibetan,1,r15-u05,
བསླབ,lab,rule_tibetan,1,r12-u02,
བིད,bi,rule_tibetan,1,r14-u02,
བུང,bung,rule_tibetan,1,r03-u16,
བུལ,bül,rule_tibetan,1,r11-u08,
བེག,beg,rule_tibetan,1,r12-u10,
བོང,bong,rule_tibetan,1,r03-u28,
བོད,bö,rule_tibetan,1,r16-u05,
བྱའོ,dscha-o,rule_tibetan,1,r13-u13,
བྱུག,dschug,rule_tibetan,1,r09-u03,
བྱོན,dschön,rule_tibetan,1,r18-u03,
བྲ,dra,rule_tibetan,1,r12-u13,
བྲེ,dre,rule_tibetan,1,r14-u08,
བླང,lang,rule_tibetan,1,r08-u01,
བླུག,lug,rule_tibetan,1,r16-u04,
མཁོ,kho,rule_tibetan,1,r01-u05,
མགྲོན,drön,rule_tibetan,1,r15-u04,
མཇུག,dschug,rule_tibetan,1,r19-u01,
མཐའི,thä,rule_tibetan,1,r17-u02,
མཐིལ,thil,rule_tibetan,1,r11-u03,
མཐུས,thü,rule_tibetan,1,r04-u01,
མཐོ,tho,rule_tibetan,1,r08-u06,
མཐོལ,thöl,rule_tibetan,1,r07-u03,
མདོའི,dö,rule_tibetan,1,r16-u04,
མདོར,dor,rule_tibetan,1,r08-u07,
མདོས,dö,rule_tibetan,1,r14-u07,
མན,män,rule_tibetan,1,r03-u32,
མམ,mam,rule_tibetan,1,r02-u06,
མཚོག,tshog,rule_tibetan,1,r09-u06,
མིག,mig,rule_tibetan,1,r09-u04,
མིང,ming,rule_tibetan,1,r19-u03,
མེལ,mel,rule_tibetan,1,r12-u12,
མྱ,nya,rule_tibetan,1,r13-u08,
ཙེ,tse,rule_tibetan,1,r12-u10,
ཙོང,tsong,rule_tibetan,1,r03-u29,
ཚ,tsha,rule_tibetan,1,r11-u07,
ཚར,tshar,rule_tibetan,1,r09-u03,
ཚལ,tshäl,rule_tibetan,1,r03-u16,
ཚིལ,tshil,rule_tibetan,1,r14-u05,
ཚུད,tshü,rule_tibetan,1,r02-u01,
ཛོ,dzo,rule_tibetan,1,r07-u07,
ཝང,wang,rule_tibetan,1,r14-u08,
ཝའི,wä,rule_tibetan,1,r12-u10,
ཞུར,schur,rule_tibetan,1,r09-u01,
ཞེ,sche,rule_tibetan,1,r07-u03,
ཞོལ,schöl,rule_tibetan,1,r14-u07,
ཞྭ,scha,rule_tibetan,1,r03-u17,
ཟན,sän,rule_tibetan,1,r13-u08,
ཟིལ,sil,rule_tibetan,1,r01-u04,
ཟུར,sur,rule_tibetan,1,r08-u04,
ཟོར,sor,rule_tibetan,1,r14-u08,
ཟླའི,dä,rule_tibetan,1,r14-u05,
འཁྱུག,khyug,rule_tibetan,1,r09-u02,
འཁྲི,thri,rule_tibetan,1,r09-u04,
འཁྲིག,thrig,rule_tibetan,1,r01-u05,
འཁྲིད,thri,rule_tibetan,1,r03-u23,
འཁྲིལ,thril,rule_tibetan,1,r11-u04,
འཁྲུགས,thrug,rule_tibetan,1,r08-u04,
འགན,gän,rule_tibetan,1,r01-u02,
འགོད,gö,rule_tibetan,1,r05-u03,
འགྲུས,drü,rule_tibetan,1,r03-u06,
འགྲེམས,drem,rule_tibetan,1,r01-u02,
འགྲོས,drö,rule_tibetan,1,r19-u03,
འཆིང,tsching,rule_tibetan,1,r09-u09,
འཆོལ,tschöl,rule_tibetan,1,r15-u05,
འཇོ,dscho,rule_tibetan,1,r14-u06,
འདིའི,di,rule_tibetan,1,r03-u09,
འདོན,dön,rule_tibetan,1,r01-u05,
འདོམས,dom,rule_tibetan,1,r03-u22,
འདྲེས,dre,rule_tibetan,1,r17-u03,
འཕངས,phang,rule_tibetan,1,r12-u10,
འཕེན,phen,rule_tibetan,1,r06-u04,
འཕེལ,phel,rule_tibetan,1,r03-u18,
འཕྱར,tschar,rule_tibetan,1,r18-u06,
འཕྲལ,thräl,rule_tibetan,1,r12-u13,
འབག,bag,rule_tibetan,1,r14-u07,
འབངས,bang,rule_tibetan,1,r15-u05,
འབབ,bab,rule_tibetan,1,r17-u07,
འབུར,bur,rule_tibetan,1,r12-u01,
འབྱོལ,dschöl,rule_tibetan,1,r11-u09,
འབྲོང,drong,rule_tibetan,1,r14-u06,
འམ,am,rule_tibetan,1,r02-u02,
འཚམ,tsham,rule_tibetan,1,r03-u22,
འཚེ,tshe,rule_tibetan,1,r12-u12,
འཚོན,tshön,rule_tibetan,1,r04-u06,
འཛུགས,dzug,rule_tibetan,1,r02-u02,
འུག,ug,rule_tibetan,1,r14-u06,
འོ,o,rule_tibetan,1,r14-u06,
ཡུངས,yung,rule_tibetan,1,r12-u01,
ཡུད,yü,rule_tibetan,1,r12-u03,
ཡེངས,yeng,rule_tibetan,1,r11-u08,
ཡོལ,yöl,rule_tibetan,1,r18-u08,
རམ,ram,rule_tibetan,1,r09-u08,
རིད,ri,rule_tibetan,1,r13-u08,
རེངས,reng,rule_tibetan,1,r18-u10,
རེའི,re,rule_tibetan,1,r09-u11,
རོག,rog,rule_tibetan,1,r14-u06,
རྐྱལ,kyäl,rule_tibetan,1,r14-u08,
རྒུད,gü,rule_tibetan,1,r19-u04,
རྒྱང,gyang,rule_tibetan,1,r12-u12,
རྒྱུའི,gyü,rule_tibetan,1,r18-u02,
རྔམ,ngam,rule_tibetan,1,r13-u05,
རྔོག,ngog,rule_tibetan,1,r09-u01,
རྟོག,tog,rule_tibetan,1,r18-u08,
རྡོག,dog,rule_tibetan,1,r11-u04,
རྨང,mang,rule_tibetan,1,r08-u05,
རྨོག,mog,rule_tibetan,1,r14-u07,
རྩའི,tsä,rule_tibetan,1,r03-u30,
རྩིགས,tsig,rule_tibetan,1,r08-u06,
རྩེའི,tse,rule_tibetan,1,r12-u08,
རྩོལ,tsöl,rule_tibetan,1,r18-u11,
རྫོང,dzong,rule_tibetan,1,r03-u16,
ལའང,la-ang,rule_tibetan,1,r19-u03,
ལུག,lug,rule_tibetan,1,r14-u06,
ལོཀྱ,lo kya,rule_tibetan,1,r16-u04,"missing tsheg in source, read as ལོ+ཀྱ"
ལྔར,ngar,rule_tibetan,1,r17-u04,
ལྡ,da,rule_tibetan,1,r14-u08,
ལྡི,di,rule_tibetan,1,r14-u08,
ལྡོངས,dong,rule_tibetan,1,r17-u06,
ལྤགས,pag,rule_tibetan,1,r09-u03,
ལྷམ,lham,rule_tibetan,1,r14-u07,
ལྷར,lhar,rule_tibetan,1,r07-u02,
ལྷུར,lhur,rule_tibetan,1,r03-u08,
ཤིན,schin,rule_tibetan,1,r13-u11,
ཤུན,schün,rule_tibetan,1,r13-u05,
ཤེལ,schel,rule_tibetan,1,r12-u13,
སག,sag,rule_tibetan,1,r14-u07,
སུམ,sum,rule_tibetan,1,r17-u02,
སེ,se,rule_tibetan,1,r12-u04,
སོང,song,rule_tibetan,1,r18-u02,
སོན,sön,rule_tibetan,1,r03-u08,
སོལ,söl,rule_tibetan,1,r12-u10,
སྐར,kar,rule_tibetan,1,r08-u06,
སྒེག,geg,rule_tibetan,1,r13-u05,
སྒྲིབ,drib,rule_tibetan,1,r09-u01,
སྒྲུབས,drub,rule_tibetan,1,r12-u14,
སྒྲེང,dreng,rule_tibetan,1,r03-u29,
སྙམ,nyam,rule_tibetan,1,r17-u03,
སྙེ,nye,rule_tibetan,1,r03-u14,
སྙེད,nye,rule_tibetan,1,r16-u05,
སྟངས,tang,rule_tibetan,1,r13-u08,
སྟན,tän,rule_tibetan,1,r02-u09,
སྟབས,tab,rule_tibetan,1,r09-u10,
སྡོམས,dom,rule_tibetan,1,r01-u06,
སྣམ,nam,rule_tibetan,1,r08-u06,
སྣའི,nä,rule_tibetan,1,r14-u04,
སྤུང,pung,rule_tibetan,1,r08-u06,
སྤུད,pü,rule_tibetan,1,r08-u07,
སྤོང,pong,rule_tibetan,1,r17-u02,
སྤྱང,tschang,rule_tibetan,1,r14-u06,
སྤྱད,tschä,rule_tibetan,1,r18-u11,
སྦག,bag,rule_tibetan,1,r19-u03,
སྦུ,bu,rule_tibetan,1,r12-u09,
སྦུབ,bub,rule_tibetan,1,r08-u09,
སྦྲགས,drag,rule_tibetan,1,r16-u02,
སྦྲེལ,drel,rule_tibetan,1,r18-u04,
སྨ,ma,rule_tibetan,1,r09-u02,
སྨྱོན,nyön,rule_tibetan,1,r03-u16,
སྲུངས,sung,rule_tibetan,1,r12-u10,
སྲོད,sö,rule_tibetan,1,r18-u01,
སློང,long,rule_tibetan,1,r02-u09,
ཨས,ä,rule_tibetan,1,r13-u10,
