document,page,block,position_tibetan,position_phonetic,tibetan,phonetic_raw,alignment_method,tesseract,check
chakrasamvara,4,1,1,1,རྒྱལ,gyal,exact_count,gyäül,different
chakrasamvara,4,1,2,2,བ,wa,exact_count,wa,identical
chakrasamvara,4,1,3,3,ཀུན,kUn,exact_count,,unaligned
chakrasamvara,4,1,4,4,གྱི,gyi,exact_count,,unaligned
chakrasamvara,4,1,5,5,རིགས,rig,exact_count,,unaligned
chakrasamvara,4,1,6,6,བདག,dag,exact_count,dag,identical
chakrasamvara,4,1,7,7,རྡོ,dor,exact_count,dor,identical
chakrasamvara,4,1,8,8,རྗེ,dsche,exact_count,dsche,identical
chakrasamvara,4,1,9,9,འཆང,tschang,exact_count,tschang,identical
chakrasamvara,4,2,5,4,འདྲེན,dren,anchor_inferred,dren,identical
chakrasamvara,4,3,7,6,ཁྱད,kyä,anchor_inferred,kyä,identical
chakrasamvara,4,3,8,7,འཕགས,pag,anchor_inferred,pag,identical
chakrasamvara,4,4,1,1,གསོལ,söl,exact_count,,unaligned
chakrasamvara,4,4,2,2,བ,wa,exact_count,,unaligned
chakrasamvara,4,4,3,3,འདེབས,deb,exact_count,,unaligned
chakrasamvara,4,4,4,4,སོ,so,exact_count,,unaligned
chakrasamvara,4,4,5,5,ལྷན,Ihän,exact_count,,unaligned
chakrasamvara,4,4,6,6,སྐྱེས,kye,exact_count,,unaligned
chakrasamvara,4,4,7,7,ཡེ,ye,exact_count,,unaligned
chakrasamvara,4,4,8,8,ཤེས,sche,exact_count,,unaligned
chakrasamvara,4,4,9,9,སྩོལ,tsöl,exact_count,,unaligned
chakrasamvara,4,5,1,1,རྒྱལ,gyäl,exact_count,gyäl,identical
chakrasamvara,4,5,2,2,བའི,wa,exact_count,wä,different
chakrasamvara,4,5,3,3,ཡུམ,yum,exact_count,yum,identical
chakrasamvara,4,5,4,4,མཆོག,tschog,exact_count,tschog,identical
chakrasamvara,4,5,5,5,རྡོ,dor,exact_count,dor,identical
chakrasamvara,4,5,6,6,རྗེ,dsche,exact_count,dsche,identical
chakrasamvara,4,5,7,7,ཕག,pag,exact_count,pag,identical
chakrasamvara,4,5,8,8,མོ,mo,exact_count,mo,identical
chakrasamvara,4,5,9,9,དང,dang,exact_count,dang,identical
chakrasamvara,4,6,8,7,བུ,bu,anchor_inferred,bu,identical
chakrasamvara,4,7,1,1,ཁྱད,kyä,anchor_inferred,pa,different
chakrasamvara,5,1,1,1,སེམས,sem,exact_count,sem,identical
chakrasamvara,5,1,2,2,ཅན,tschän,exact_count,tschän,identical
chakrasamvara,5,1,3,3,ཐམས,tham,exact_count,tham,identical
chakrasamvara,5,1,4,4,ཅད,tschä,exact_count,tschä,identical
chakrasamvara,5,1,5,5,བདེ,de,exact_count,de,identical
chakrasamvara,5,1,6,6,བ,wa,exact_count,wa,identical
chakrasamvara,5,1,7,7,དང,dang,exact_count,dang,identical
chakrasamvara,5,1,8,8,བདེ,de,exact_count,de,identical
chakrasamvara,5,1,9,9,བའི,wa,exact_count,wä,different
chakrasamvara,5,1,10,10,རྒྱུ,gyu,exact_count,gyu,identical
chakrasamvara,5,1,11,11,དང,dang,exact_count,dang,identical
chakrasamvara,5,1,12,12,ལྡན,dan,exact_count,dän,different
chakrasamvara,5,1,13,13,པར,par,exact_count,par,identical
chakrasamvara,5,1,14,14,གྱུར,gyur,exact_count,gyur,identical
chakrasamvara,5,1,15,15,ཅིག,tschig,exact_count,,unaligned
chakrasamvara,5,2,16,3,ཐོ,tschig,anchor_inferred,tschig,identical
chakrasamvara,5,3,1,1,སེམས,sem,exact_count,sem,identical
chakrasamvara,5,3,2,2,ཅན,tschän,exact_count,tschän,identical
chakrasamvara,5,3,3,3,ཐམས,tam,exact_count,tam,identical
chakrasamvara,5,3,4,4,ཅད,tschä,exact_count,tschä,identical
chakrasamvara,5,3,5,5,སྡུག,dug,exact_count,dug,identical
chakrasamvara,5,3,6,6,བསྔལ,ngäl,exact_count,ngäl,identical
chakrasamvara,5,3,7,7,མེད,me,exact_count,me,identical
chakrasamvara,5,3,8,8,པའི,pa,exact_count,pä,different
chakrasamvara,5,3,9,9,བདེ,de,exact_count,de,identical
chakrasamvara,5,3,10,10,བ,wa,exact_count,wa,identical
chakrasamvara,5,3,11,11,དང,dang,exact_count,dang,identical
chakrasamvara,5,3,12,12,མི,mi,exact_count,mi,identical
chakrasamvara,5,3,13,13,འབྲལ,dräl,exact_count,dräl,identical
chakrasamvara,5,3,14,14,བར,war,exact_count,war,identical
chakrasamvara,5,3,15,15,གྱུར,gjur,exact_count,gjur,identical
chakrasamvara,5,3,16,16,ཅིག,tschig,exact_count,tschig,identical
chakrasamvara,5,4,4,4,ཅུད,dschä,anchor_inferred,dschä,identical
chakrasamvara,5,4,5,5,ཉེ,nye,anchor_inferred,nye,identical
chakrasamvara,5,4,6,6,རིང,ring,anchor_inferred,ring,identical
chakrasamvara,5,4,8,8,སྡང,dang,anchor_inferred,dang,identical
chakrasamvara,5,4,13,13,བཏང,dang,anchor_inferred,dang,identical
chakrasamvara,5,4,14,14,སྙོམས,nyom,anchor_inferred,dräl,different
chakrasamvara,5,4,16,16,གནས,nd,anchor_inferred,wä,different
chakrasamvara,6,1,1,1,སངས,sang,exact_count,sang,identical
chakrasamvara,6,1,2,2,རྒྱས,gyü,exact_count,gyü,identical
chakrasamvara,6,1,3,3,ཆོས,tschö,exact_count,tschö,identical
chakrasamvara,6,1,4,4,དང,dang,exact_count,dang,identical
chakrasamvara,6,1,5,5,དགེ,gen,exact_count,gen,identical
chakrasamvara,6,1,6,6,འདུན,dun,exact_count,dün,different
chakrasamvara,6,1,7,7,ལ,la,exact_count,la,identical
chakrasamvara,6,2,1,1,རྟག,tag,exact_count,tag,identical
chakrasamvara,6,2,2,2,ཏུ,tu,exact_count,tu,identical
chakrasamvara,6,2,3,3,བདག,dag,exact_count,dag,identical
chakrasamvara,6,2,4,4,ནི,ni,exact_count,ni,identical
chakrasamvara,6,2,5,5,སྐྱབས,kyab,exact_count,kyab,identical
chakrasamvara,6,2,6,6,སུ,su,exact_count,su,identical
chakrasamvara,6,2,7,7,མཆི,tschi,exact_count,tschi,identical
chakrasamvara,6,3,1,1,རྟག,tag,exact_count,tag,identical
chakrasamvara,6,3,2,2,ཏུ,tu,exact_count,tu,identical
chakrasamvara,6,3,3,3,སྐྱབས,kyab,exact_count,kyab,identical
chakrasamvara,6,3,4,4,སུ,su,exact_count,su,identical
chakrasamvara,6,3,5,5,མཆིས,tschi,exact_count,tschi,identical
chakrasamvara,6,3,6,6,བར,war,exact_count,war,identical
chakrasamvara,6,3,7,7,བགྱི,gyi,exact_count,gyi,identical
chakrasamvara,6,4,1,1,སེམས,sem,exact_count,sem,identical
chakrasamvara,6,4,2,2,ཅན,tschän,exact_count,tschän,identical
chakrasamvara,6,4,3,3,ཀུན,kün,exact_count,kün,identical
chakrasamvara,6,4,4,4,གྱི,gyi,exact_count,gyi,identical
chakrasamvara,6,4,5,5,དོན,dön,exact_count,dön,identical
chakrasamvara,6,4,6,6,གྱི,gyi,exact_count,gyi,identical
chakrasamvara,6,4,7,7,ཕྱིར,tschir,exact_count,tschir,identical
chakrasamvara,6,6,1,1,སེམས,sem,exact_count,sem,identical
chakrasamvara,6,6,2,2,ཅན,tschän,exact_count,tschän,identical
chakrasamvara,6,6,3,3,ཐམས,tham,exact_count,tnam,different
chakrasamvara,6,6,4,4,ཅད,tschä,exact_count,tschä,identical
chakrasamvara,6,6,5,5,ཧེ,he,exact_count,he,identical
chakrasamvara,6,6,6,6,རུ,ru,exact_count,ru,identical
chakrasamvara,6,6,7,7,ཀའི,kü,exact_count,kü,identical
chakrasamvara,6,7,2,2,འཕང,pang,anchor_inferred,,unaligned
chakrasamvara,7,1,1,1,རང,rang,exact_count,rang,identical
chakrasamvara,7,1,2,2,ཉིད,nyi,exact_count,nyi,identical
chakrasamvara,7,1,3,3,སྐད,kG,exact_count,kä,different
chakrasamvara,7,1,4,4,ཅིག,tschig,exact_count,tschig,identical
chakrasamvara,7,1,5,5,གིས,gi,exact_count,gi,identical
chakrasamvara,7,1,6,6,ཧེ,he,exact_count,he,identical
chakrasamvara,7,1,7,7,རུ,ru,exact_count,ru,identical
chakrasamvara,7,1,8,8,ཀ,ka,exact_count,ka,identical
chakrasamvara,7,2,5,4,ཅིག,dschig,anchor_inferred,dschig,identical
chakrasamvara,7,2,9,8,རྡེ,dsche,anchor_inferred,dsche,identical
chakrasamvara,7,3,1,1,དྲིལ,dril,exact_count,dril,identical
chakrasamvara,7,3,2,2,བུ,wu,exact_count,wu,identical
chakrasamvara,7,3,3,3,འཛིན,dzin,exact_count,dzin,identical
chakrasamvara,7,3,4,4,པ,pa,exact_count,pa,identical
chakrasamvara,7,3,5,5,ལ,la,exact_count,la,identical
chakrasamvara,7,3,6,6,ཡུམ,yum,exact_count,yum,identical
chakrasamvara,7,3,7,7,རྡོ,dor,exact_count,dor,identical
chakrasamvara,7,3,8,8,རྗེ,dsche,exact_count,dsche,identical
chakrasamvara,7,3,9,9,ཕག,pag,exact_count,pag,identical
chakrasamvara,7,3,10,10,མོར,mor,exact_count,mor,identical
chakrasamvara,7,4,4,4,ཐོད,tö,anchor_inferred,tö,identical
chakrasamvara,7,4,8,8,འཁྱུད,kyü,anchor_inferred,kyü,identical
chakrasamvara,7,5,15,14,ནོ,no,anchor_inferred,no,identical
chakrasamvara,8,1,15,9,མཉེས,nye,anchor_inferred,nye,identical
chakrasamvara,8,1,17,11,དབྱའོ,dscha-o,anchor_inferred,dscha-o,identical
chakrasamvara,8,2,3,4,རྨོངས,mong,anchor_inferred,mong,identical
chakrasamvara,8,2,7,8,ཡིན,yin,anchor_inferred,yin,identical
chakrasamvara,8,3,5,5,མཛེས,dze,anchor_inferred,dze,identical
chakrasamvara,8,4,1,1,སྤྲོ,tro,exact_count,tro,identical
chakrasamvara,8,4,2,2,དང,dang,exact_count,dang,identical
chakrasamvara,8,4,3,3,བཅས,tschd,exact_count,tschä,different
chakrasamvara,8,4,4,4,པའི,pä,exact_count,pä,identical
chakrasamvara,8,4,5,5,རྡོ,dor,exact_count,dor,identical
chakrasamvara,8,4,6,6,རྗེ,dsche,exact_count,dsche,identical
chakrasamvara,8,4,7,7,བཟུང,sung,exact_count,sung,identical
chakrasamvara,9,1,1,1,ཁ,ka,exact_count,ka,identical
chakrasamvara,9,1,2,2,དོག,dog,exact_count,dog,identical
chakrasamvara,9,1,3,3,དྲི,dri,exact_count,dri,identical
chakrasamvara,9,1,4,4,རོ,ro,exact_count,ro,identical
chakrasamvara,9,1,5,5,ནུས,nU,exact_count,nü,different
chakrasamvara,9,1,6,6,པའི,pä,exact_count,pä,identical
chakrasamvara,9,1,7,7,སྐྱོན,kjön,exact_count,kjön,identical
chakrasamvara,9,1,8,8,ཐམས,tam,exact_count,tam,identical
chakrasamvara,9,1,9,9,ཅད,tschä,exact_count,tschä,identical
chakrasamvara,9,1,10,10,བཅོམ,tschom,exact_count,tschom,identical
chakrasamvara,9,1,11,11,ཞིང,sching,exact_count,sching,identical
chakrasamvara,9,1,12,12,བདུད,du,exact_count,,unaligned
chakrasamvara,9,1,13,13,རྩིའི,tsi,exact_count,,unaligned
chakrasamvara,9,1,14,14,རང,rang,exact_count,,unaligned
chakrasamvara,9,1,15,15,བཞིན,schin,exact_count,schin,identical
chakrasamvara,9,1,16,16,དུ,du,exact_count,,unaligned
chakrasamvara,9,1,17,17,གྱུར,gjur,exact_count,,unaligned
chakrasamvara,10,1,1,1,སྟོང,tong,exact_count,tong,identical
chakrasamvara,10,1,2,2,པ,pa,exact_count,pa,identical
chakrasamvara,10,1,3,3,ཉིད,nyi,exact_count,,unaligned
chakrasamvara,10,1,4,4,དུ,du,exact_count,,unaligned
chakrasamvara,10,1,5,5,གྱར,gyur,exact_count,,unaligned
chakrasamvara,10,2,5,5,ཀཾ,KAM,anchor_inferred,,unaligned
chakrasamvara,10,2,9,9,ཐོད,tö,anchor_inferred,,unaligned
chakrasamvara,10,2,11,11,ཡངས,yang,anchor_inferred,yang,identical
chakrasamvara,10,2,12,12,ཤིང,shing,anchor_inferred,shing,identical
chakrasamvara,10,4,4,4,རྫས,dzä,anchor_inferred,dzä,identical
chakrasamvara,10,4,6,6,སོའི,sö,anchor_inferred,,unaligned
chakrasamvara,10,5,3,3,སྟེར,ter,anchor_inferred,ter,identical
chakrasamvara,12,1,4,4,ཀའི,kG,anchor_inferred,,unaligned
chakrasamvara,12,1,10,9,བརྟན,dän,anchor_inferred,dän,identical
chakrasamvara,12,1,15,14,ཏེ,te,anchor_inferred,te,identical
chakrasamvara,12,3,3,3,སྟོད,dé,anchor_inferred,,unaligned
chakrasamvara,12,3,4,4,སྨད,ma,anchor_inferred,,unaligned
chakrasamvara,12,3,9,9,ཀའི,ka,anchor_inferred,,unaligned
chakrasamvara,13,1,1,1,དེ,de,exact_count,de,identical
chakrasamvara,13,1,2,2,མགོ,go,exact_count,go,identical
chakrasamvara,13,1,3,3,བོ,wo,exact_count,wo,identical
chakrasamvara,13,1,4,4,ལ,la,exact_count,la,identical
chakrasamvara,13,2,1,1,དེ,de,exact_count,de,identical
chakrasamvara,13,2,2,2,ཟླ,da,exact_count,da,identical
chakrasamvara,13,2,3,3,ཚེས,ze,exact_count,ze,identical
chakrasamvara,13,2,4,4,ལ,la,exact_count,la,identical
chakrasamvara,13,3,1,1,དེ,de,exact_count,de,identical
chakrasamvara,13,3,2,2,ནཱ,na,exact_count,na,identical
chakrasamvara,13,3,3,3,ད,da,exact_count,da,identical
chakrasamvara,13,3,4,4,ལ,la,exact_count,la,identical
chakrasamvara,13,5,15,12,འགྲེང,dreng,anchor_inferred,,unaligned
chakrasamvara,13,6,4,4,བའེ,wä,anchor_inferred,,unaligned
chakrasamvara,13,6,5,5,མདངས,dang,anchor_inferred,,unaligned
chakrasamvara,15,1,1,1,སྟོང,tong,exact_count,tong,identical
chakrasamvara,15,1,2,2,པའི,pa,exact_count,pä,different
chakrasamvara,15,1,3,3,ངང,ngang,exact_count,ngang,identical
chakrasamvara,15,1,4,4,ལས,lä,exact_count,lä,identical
chakrasamvara,15,1,5,5,སྐད,ka,exact_count,kä,different
chakrasamvara,15,1,6,6,ཅིག,tschig,exact_count,tschig,identical
chakrasamvara,15,1,7,7,གིས,gi,exact_count,gi,identical
chakrasamvara,15,1,8,8,རྡོ,dor,exact_count,dor,identical
chakrasamvara,15,1,9,9,རྗེའེ,dsche’i,exact_count,dsche'i,identical
chakrasamvara,15,1,10,10,ས,sa,exact_count,sa,identical
chakrasamvara,15,1,11,11,གཞི,schi,exact_count,schi,identical
chakrasamvara,15,1,12,12,ར,ra,exact_count,ra,identical
chakrasamvara,15,1,13,13,བ,wa,exact_count,wa,identical
chakrasamvara,15,1,14,14,གུར,gur,exact_count,gur,identical
chakrasamvara,15,1,15,15,བླ,la,exact_count,la,identical
chakrasamvara,15,1,16,16,རེ,re,exact_count,re,identical
chakrasamvara,15,2,2,2,རི,ri,anchor_inferred,,unaligned
chakrasamvara,15,3,1,1,རྡོ,dor,exact_count,dor,identical
chakrasamvara,15,3,2,2,རྗེའི,dsche’i,exact_count,dsche’i,identical
chakrasamvara,15,3,3,3,ལྟེ,te,exact_count,te,identical
chakrasamvara,15,3,4,4,བར,war,exact_count,war,identical
chakrasamvara,15,3,5,5,སྣ,na,exact_count,na,identical
chakrasamvara,15,3,6,6,ཚོགས,zog,exact_count,zog,identical
chakrasamvara,15,3,7,7,པདྨ,pema,exact_count,pema,identical
chakrasamvara,15,3,8,8,འདབ,dab,exact_count,dab,identical
chakrasamvara,15,3,9,9,མ,ma,exact_count,ma,identical
chakrasamvara,15,3,10,10,བརྒྱད,gyä,exact_count,gyä,identical
chakrasamvara,15,3,11,11,པའེ,pa,exact_count,pä,different
chakrasamvara,15,3,12,12,དབུས,U,exact_count,Ü,different
chakrasamvara,15,3,13,13,སུ,su,exact_count,su,identical
chakrasamvara,15,3,14,14,དབྱངས,yang,exact_count,yang,identical
chakrasamvara,15,3,15,15,དཀར,kar,exact_count,kar,identical
chakrasamvara,15,3,16,16,པོ,po,exact_count,po,identical
chakrasamvara,15,4,1,1,ཐག,trag,exact_count,trag,identical
chakrasamvara,15,4,2,2,གཉིས,nyi,exact_count,nyi,identical
chakrasamvara,15,4,3,3,དང,dang,exact_count,dang,identical
chakrasamvara,15,4,4,4,གསལ,säl,exact_count,säl,identical
chakrasamvara,15,4,5,5,བྱིད,dsche,exact_count,dsche,identical
chakrasamvara,15,4,6,6,རྐམར,mar,exact_count,mar,identical
chakrasamvara,15,4,7,7,པོ,po,exact_count,po,identical
chakrasamvara,15,4,8,8,ཕྲག,trag,exact_count,trag,identical
chakrasamvara,15,4,9,9,གཉིས,nyi,exact_count,nyi,identical
chakrasamvara,15,4,10,10,ཞུ,schu,exact_count,schu,identical
chakrasamvara,15,4,11,11,བ,wa,exact_count,wa,identical
chakrasamvara,15,4,12,12,ཝས,lä,exact_count,lä,identical
chakrasamvara,15,4,13,13,བྱུང,dschung,exact_count,dschung,identical
chakrasamvara,15,4,14,14,བྲའཾ,wä,exact_count,wä,identical
chakrasamvara,15,5,9,9,མདངས,dang,anchor_inferred,dang,identical
chakrasamvara,15,6,1,1,ཞུགས,schu,exact_count,schu,identical
chakrasamvara,15,6,2,2,པ,pa,exact_count,pa,identical
chakrasamvara,15,6,3,3,རིམ,rim,exact_count,rim,identical
chakrasamvara,15,6,4,4,གྱིས,gyi,exact_count,gyi,identical
chakrasamvara,15,6,5,5,ཧཱུཾ,HUNG,exact_count,HUNG,identical
chakrasamvara,15,6,6,6,ཡིག,yig,exact_count,yig,identical
chakrasamvara,15,6,7,7,ཏུ,tu,exact_count,tu,identical
chakrasamvara,15,6,8,8,གྲུབ,drub,exact_count,drub,identical
chakrasamvara,15,6,9,9,པ,pa,exact_count,pa,identical
chakrasamvara,15,6,10,10,ལས,lä,exact_count,lä,identical
chakrasamvara,15,6,11,11,འོད,ö,exact_count,ö,identical
chakrasamvara,15,6,12,12,ཟེར,ser,exact_count,ser,identical
chakrasamvara,15,6,13,13,འཕྲོས,thrö,exact_count,thrö,identical
chakrasamvara,15,7,1,1,དོན,dön,exact_count,dön,identical
chakrasamvara,15,7,2,2,གཉེས,nyi,exact_count,nyi,identical
chakrasamvara,15,7,3,3,བྱས,dschä,exact_count,dschä,identical
chakrasamvara,15,7,4,4,འདུས,du,exact_count,dü,different
chakrasamvara,15,7,5,5,ཡོངས,yong,exact_count,yong,identical
chakrasamvara,15,7,6,6,སུ,su,exact_count,su,identical
chakrasamvara,15,7,7,7,གྱུར,gyur,exact_count,gyur,identical
chakrasamvara,15,7,8,8,པ,pa,exact_count,pa,identical
chakrasamvara,15,7,9,9,ལས,lä,exact_count,lä,identical
chakrasamvara,15,7,10,10,རྟེན,ten,exact_count,ten,identical
chakrasamvara,15,7,11,11,དང,dang,exact_count,dang,identical
chakrasamvara,15,7,12,12,བརྟེན,ten,exact_count,ten,identical
chakrasamvara,15,7,13,13,པའི,pa,exact_count,,unaligned
chakrasamvara,15,8,3,3,དུས,dU,anchor_inferred,,unaligned
chakrasamvara,16,1,1,1,དེ,de,exact_count,,unaligned
chakrasamvara,16,1,2,2,ཡང,yang,exact_count,,unaligned
chakrasamvara,16,1,3,3,དུར,dur,exact_count,,unaligned
chakrasamvara,16,1,4,4,ཁོད,thrö,exact_count,,unaligned
chakrasamvara,16,1,5,5,སྲུང,sung,exact_count,,unaligned
chakrasamvara,16,1,6,6,འཁོར,khor,exact_count,,unaligned
chakrasamvara,16,1,7,7,དང,dang,exact_count,,unaligned
chakrasamvara,16,1,8,8,བཅས,tschä,exact_count,,unaligned
chakrasamvara,16,1,9,9,པའི,pd,exact_count,,unaligned
chakrasamvara,16,1,10,10,ནང,nang,exact_count,,unaligned
chakrasamvara,16,1,11,11,དུ,du,exact_count,,unaligned
chakrasamvara,16,2,1,1,གཞལ,schäl,exact_count,schäl,identical
chakrasamvara,16,2,2,2,ཡས,ya,exact_count,yäö,different
chakrasamvara,16,2,3,3,ཁང,kang,exact_count,kang,identical
chakrasamvara,16,2,4,4,གྲུ,dru,exact_count,dru,identical
chakrasamvara,16,2,5,5,བཞི,schi,exact_count,schi,identical
chakrasamvara,16,2,6,6,སྒོ,go,exact_count,go,identical
chakrasamvara,16,2,7,7,བཞི,schi,exact_count,schi,identical
chakrasamvara,16,2,8,8,རྟ,ta,exact_count,ta,identical
chakrasamvara,16,2,9,9,བབས,bab,exact_count,bab,identical
chakrasamvara,16,2,10,10,དང,dang,exact_count,dang,identical
chakrasamvara,16,2,11,11,བཅས,tschä,exact_count,tschä,identical
chakrasamvara,16,2,12,12,པ,pa,exact_count,pa,identical
chakrasamvara,16,2,13,13,མཚན,zän,exact_count,zän,identical
chakrasamvara,16,2,14,14,ཉིད,nyi,exact_count,nyi,identical
chakrasamvara,16,2,15,15,ཐམས,tham,exact_count,tham,identical
chakrasamvara,16,3,4,4,རྗོགས,dzog,anchor_inferred,dzog,identical
chakrasamvara,16,4,1,1,བར,war,exact_count,war,identical
chakrasamvara,16,4,2,2,ཉི,nyi,exact_count,nyi,identical
chakrasamvara,16,4,3,3,མའི,mä,exact_count,mä,identical
chakrasamvara,16,4,4,4,དཀྱིལ,kyil,exact_count,kyil,identical
chakrasamvara,16,4,5,5,འཁོར,khor,exact_count,khor,identical
chakrasamvara,16,6,17,14,མདོག,dog,anchor_inferred,dog,identical
chakrasamvara,16,7,8,7,ནག,nag,anchor_inferred,nag,identical
chakrasamvara,17,2,1,1,གཡོན,yön,exact_count,yön,identical
chakrasamvara,17,2,2,2,ཞལ,schäl,exact_count,schäl,identical
chakrasamvara,17,2,3,3,ལྡང,dschang,exact_count,dschang,identical
chakrasamvara,17,3,1,1,གཡས,yä,exact_count,yä,identical
chakrasamvara,17,3,2,2,ཞལ,schäl,exact_count,schäl,identical
chakrasamvara,17,3,3,3,སེར,ser,exact_count,ser,identical
chakrasamvara,17,3,4,4,བ,wa,exact_count,wa,identical
chakrasamvara,17,4,1,1,ཞལ,schdl,exact_count,schäl,different
chakrasamvara,17,4,2,2,རེ,re,exact_count,re,identical
chakrasamvara,17,4,3,3,རེའང,re’ang,exact_count,re’ang,identical
chakrasamvara,17,4,4,4,སྤྱན,tschän,exact_count,tschän,identical
chakrasamvara,17,4,5,5,གསུམ,sum,exact_count,sum,identical
chakrasamvara,17,4,6,6,པ,pa,exact_count,pa,identical
chakrasamvara,17,5,1,1,ཕྱག,tschag,exact_count,tschag,identical
chakrasamvara,17,5,2,2,བཅུ,tschu,exact_count,tschu,identical
chakrasamvara,17,5,3,3,གཉིས,nyi,exact_count,nyi,identical
chakrasamvara,17,5,4,4,པ,pa,exact_count,pa,identical
chakrasamvara,17,6,7,7,ནག,nag,anchor_inferred,nag,identical
chakrasamvara,17,6,8,8,པོའི,pd,anchor_inferred,,unaligned
chakrasamvara,17,6,11,11,མནན,nan,anchor_inferred,,unaligned
chakrasamvara,17,7,1,1,བཅོམ,tschom,exact_count,tschom,identical
chakrasamvara,17,7,2,2,ལྡན,dän,exact_count,dän,identical
chakrasamvara,17,7,3,3,འདས,dä,exact_count,dä,identical
chakrasamvara,17,7,4,4,ཀྱི,kyi,exact_count,,unaligned
chakrasamvara,17,7,5,5,ཕྱག,tschag,exact_count,,unaligned
chakrasamvara,17,7,6,6,དང,dang,exact_count,dang,identical
chakrasamvara,17,7,7,7,པོ,po,exact_count,po,identical
chakrasamvara,17,7,8,8,གཉིས,nyi,exact_count,nyi,identical
chakrasamvara,17,7,9,9,ཀྱིས,kyi,exact_count,kyi,identical
chakrasamvara,17,7,10,10,རྡོ,dor,exact_count,dor,identical
chakrasamvara,17,7,11,11,རྗེ,dsche,exact_count,dsche,identical
chakrasamvara,17,7,12,12,ཕག,phag,exact_count,phag,identical
chakrasamvara,17,7,13,13,མོ,mo,exact_count,mo,identical
chakrasamvara,17,7,14,14,ལ,la,exact_count,la,identical
chakrasamvara,17,8,1,1,འཁྱུད,kyU,anchor_inferred,,unaligned
chakrasamvara,17,8,6,6,རྡེ,dsche,anchor_inferred,dsche,identical
chakrasamvara,18,1,1,1,དེའེ,ei,exact_count,,unaligned
chakrasamvara,18,1,2,2,འོག,og,exact_count,,unaligned
chakrasamvara,18,1,3,3,མ,ma,exact_count,ma,identical
chakrasamvara,18,1,4,4,གཉིས,nyi,exact_count,,unaligned
chakrasamvara,18,1,5,5,ཀྱིས,kyi,exact_count,,unaligned
chakrasamvara,18,1,6,6,གླང,lang,exact_count,,unaligned
chakrasamvara,18,1,7,7,པོ,po,exact_count,po,identical
chakrasamvara,18,1,8,8,ཆེའི,tsche,exact_count,tsche,identical
chakrasamvara,18,1,9,9,པགས,pag,exact_count,pag,identical
chakrasamvara,18,1,10,10,པ,pa,exact_count,pa,identical
chakrasamvara,18,1,11,11,དཀར,kar,exact_count,kar,identical
chakrasamvara,18,1,12,12,པོ,po,exact_count,po,identical
chakrasamvara,18,1,13,13,ཁྲག,thrag,exact_count,thrag,identical
chakrasamvara,18,1,14,14,དང,dang,exact_count,dang,identical
chakrasamvara,18,1,15,15,བཅས,tscha,exact_count,,unaligned
chakrasamvara,18,3,1,1,གཡོན,yön,exact_count,yön,identical
chakrasamvara,18,3,2,2,པས,pd,exact_count,,unaligned
chakrasamvara,18,3,3,3,རྐང,kang,exact_count,kang,identical
chakrasamvara,18,3,4,4,པ,pa,exact_count,pa,identical
chakrasamvara,18,3,5,5,གཡོན,yön,exact_count,yön,identical
chakrasamvara,18,3,6,6,པའེ,pd,exact_count,pä,different
chakrasamvara,18,3,7,7,པགས,pag,exact_count,pag,identical
chakrasamvara,18,3,8,8,པ,pa,exact_count,pa,identical
chakrasamvara,18,3,9,9,སྡིགས,dig,exact_count,dig,identical
chakrasamvara,18,3,10,10,མཛུབ,dzub,exact_count,dzub,identical
chakrasamvara,18,3,11,11,བཅས,tschä,exact_count,tschä,identical
chakrasamvara,18,3,12,12,པའི,pa,exact_count,pä,different
chakrasamvara,18,3,13,13,ཕྱག,tschag,exact_count,tschag,identical
chakrasamvara,18,3,14,14,གིས,gi,exact_count,gi,identical
chakrasamvara,18,4,1,1,བརྒྱངས,gyang,anchor_inferred,gyang,identical
chakrasamvara,18,4,2,2,ཏེ,te,anchor_inferred,te,identical
chakrasamvara,18,4,10,10,སྨིན,min,anchor_inferred,min,identical
chakrasamvara,18,4,11,11,མའི,ma,anchor_inferred,ma,identical
chakrasamvara,18,4,12,12,ཐད,tha,anchor_inferred,ru,different
chakrasamvara,18,5,1,1,བཞི,schi,exact_count,schi,identical
chakrasamvara,18,5,2,2,པ,pa,exact_count,pa,identical
chakrasamvara,18,5,3,3,ན,na,exact_count,na,identical
chakrasamvara,18,5,4,4,དྲག,dra,exact_count,dra,identical
chakrasamvara,18,5,5,5,སྟ,ta,exact_count,ta,identical
chakrasamvara,18,6,1,1,ལྔ,nga,exact_count,nga,identical
chakrasamvara,18,6,2,2,པ,pa,exact_count,pa,identical
chakrasamvara,18,6,3,3,ན,na,exact_count,na,identical
chakrasamvara,18,6,4,4,གྲི,dri,exact_count,dri,identical
chakrasamvara,18,6,5,5,གུག,gug,exact_count,gug,identical
chakrasamvara,18,7,1,1,དྲུག,drug,exact_count,drug,identical
chakrasamvara,18,7,2,2,པ,pa,exact_count,pa,identical
chakrasamvara,18,7,3,3,ན,na,exact_count,na,identical
chakrasamvara,18,7,4,4,མདུང,dung,exact_count,dung,identical
chakrasamvara,18,7,5,5,རྩེ,tse,exact_count,tse,identical
chakrasamvara,18,7,6,6,གསུམ,sum,exact_count,sum,identical
chakrasamvara,18,7,7,7,པ,pa,exact_count,pa,identical
chakrasamvara,18,7,8,8,བསྒྲེང,dreng,exact_count,dreng,identical
chakrasamvara,18,7,9,9,བ,wa,exact_count,wa,identical
chakrasamvara,18,8,9,9,མཚན,zan,anchor_inferred,,unaligned
chakrasamvara,18,9,1,1,ལྔ,nga,exact_count,nga,identical
chakrasamvara,18,9,2,2,པ,pa,exact_count,pa,identical
chakrasamvara,18,9,3,3,ན,na,exact_count,na,identical
chakrasamvara,18,9,4,4,རྡོ,dor,exact_count,dor,identical
chakrasamvara,18,9,5,5,རྗེའི,dsche,exact_count,dsche,identical
chakrasamvara,18,9,6,6,ཞགས,schag,exact_count,schag,identical
chakrasamvara,18,9,7,7,པ,pa,exact_count,pa,identical
chakrasamvara,18,10,1,1,དྲུག,drug,exact_count,drug,identical
chakrasamvara,18,10,2,2,པ,pa,exact_count,pa,identical
chakrasamvara,18,10,3,3,ན,na,exact_count,na,identical
chakrasamvara,18,10,4,4,ཚངས,zang,exact_count,zang,identical
chakrasamvara,18,10,5,5,པའེ,pä,exact_count,pä,identical
chakrasamvara,18,10,6,6,མགོ,go,exact_count,go,identical
chakrasamvara,18,10,7,7,བོ,bo,exact_count,bo,identical
chakrasamvara,18,10,8,8,གདོང,dong,exact_count,dong,identical
chakrasamvara,18,10,9,9,བཞི,schi,exact_count,schi,identical
chakrasamvara,18,10,10,10,པ,pa,exact_count,pa,identical
chakrasamvara,18,10,11,11,བསྣམས,nam,exact_count,nam,identical
chakrasamvara,18,10,12,12,ཤིང,sching,exact_count,sching,identical
chakrasamvara,19,2,1,1,སྣ,na,exact_count,na,identical
chakrasamvara,19,2,2,2,ཚོགས,zog,exact_count,zog,identical
chakrasamvara,19,2,3,3,རྡོ,dor,exact_count,dor,identical
chakrasamvara,19,2,4,4,རྗེ,dsche,exact_count,dsche,identical
chakrasamvara,19,2,5,5,མཚན,zän,exact_count,zän,identical
chakrasamvara,19,2,6,6,པའི,pa,exact_count,pä,different
chakrasamvara,19,2,7,7,རལ,ral,exact_count,räl,different
chakrasamvara,19,2,8,8,པའི,pa,exact_count,pä,different
chakrasamvara,19,2,9,9,ཐོར,thor,exact_count,thor,identical
chakrasamvara,19,2,10,10,ཅོག,tschog,exact_count,tschog,identical
chakrasamvara,19,2,11,11,ཅན,tschän,exact_count,tschän,identical
chakrasamvara,19,3,1,1,དབུའི,Ü,exact_count,,unaligned
chakrasamvara,19,3,2,2,གཡོན,yön,exact_count,,unaligned
chakrasamvara,19,3,3,3,དུ,du,exact_count,,unaligned
chakrasamvara,19,3,4,4,ཅུང,tschung,exact_count,,unaligned
chakrasamvara,19,3,5,5,ཟད,sa,exact_count,,unaligned
chakrasamvara,19,3,6,6,ཡོ,yo,exact_count,,unaligned
chakrasamvara,19,3,7,7,བའི,wa,exact_count,,unaligned
chakrasamvara,19,3,8,8,ཟླ,da,exact_count,,unaligned
chakrasamvara,19,3,9,9,བ,wa,exact_count,,unaligned
chakrasamvara,19,3,10,10,ཕྱེད,tsche,exact_count,,unaligned
chakrasamvara,19,3,11,11,པ,pa,exact_count,,unaligned
chakrasamvara,19,3,12,12,འཕྱང,tschang,exact_count,,unaligned
chakrasamvara,19,3,13,13,བ,ba,exact_count,,unaligned
chakrasamvara,19,4,1,1,ཞལ,schdal,exact_count,,unaligned
chakrasamvara,19,4,2,2,རྣམ,nam,exact_count,nam,identical
chakrasamvara,19,4,3,3,པར,par,exact_count,par,identical
chakrasamvara,19,4,4,4,འགྱུར,gyur,exact_count,gyur,identical
chakrasamvara,19,4,5,5,བ,wa,exact_count,wa,identical
chakrasamvara,19,5,1,1,མཆེ,tsche,exact_count,tsche,identical
chakrasamvara,19,5,2,2,བ,ba,exact_count,ba,identical
chakrasamvara,19,5,3,3,བཞི,schi,exact_count,schi,identical
chakrasamvara,19,5,4,4,བཞི,schi,exact_count,schi,identical
chakrasamvara,19,5,5,5,གཅིགས,tsig,exact_count,tsig,identical
chakrasamvara,19,5,6,6,པ,pa,exact_count,pa,identical
chakrasamvara,19,5,7,7,འཇིགས,dschig,exact_count,dschig,identical
chakrasamvara,19,5,8,8,སུ,su,exact_count,su,identical
chakrasamvara,19,5,9,9,རུང,rung,exact_count,rung,identical
chakrasamvara,19,5,10,10,བ,wa,exact_count,wa,identical
chakrasamvara,19,6,1,1,མི,mi,exact_count,mi,identical
chakrasamvara,19,6,2,2,སྡུག,dug,exact_count,dug,identical
chakrasamvara,19,6,3,3,པ,pa,exact_count,pa,identical
chakrasamvara,19,6,4,4,སྟེ,te,exact_count,te,identical
chakrasamvara,19,6,5,5,སྐུའི,kU,exact_count,kü,different
chakrasamvara,19,6,6,6,ཉམས,nyam,exact_count,nyam,identical
chakrasamvara,19,6,7,7,གསུམ,sum,exact_count,sum,identical
chakrasamvara,19,6,8,8,དང,dang,exact_count,dang,identical
chakrasamvara,21,1,7,3,དྲག,drag,anchor_inferred,drag,identical
chakrasamvara,21,1,8,4,ཤུལ,schül,anchor_inferred,schül,identical
chakrasamvara,21,1,14,10,གསུང,sung,anchor_inferred,sung,identical
chakrasamvara,21,2,1,1,མིའི,mi,anchor_inferred,mi,identical
chakrasamvara,21,2,10,9,ཆློན,lön,anchor_inferred,lön,identical
chakrasamvara,21,2,13,12,བཅུའི,tschü,anchor_inferred,tschü,identical
chakrasamvara,21,3,1,1,ཕྱག,tschag,exact_count,tschag,identical
chakrasamvara,21,3,2,2,རྒྱ,gya,exact_count,gya,identical
chakrasamvara,21,3,3,3,དྲུག,drug,exact_count,drug,identical
chakrasamvara,21,3,4,4,གིས,gi,exact_count,gi,identical
chakrasamvara,21,3,5,5,རྒྱས,gyä,exact_count,gyä,identical
chakrasamvara,21,3,6,6,བཏབ,tab,exact_count,tab,identical
chakrasamvara,21,3,7,7,པ,pa,exact_count,pa,identical
chakrasamvara,21,4,4,3,ཐལ,thal,anchor_inferred,,unaligned
chakrasamvara,21,4,6,5,ལུས,lü,anchor_inferred,lü,identical
chakrasamvara,21,4,8,7,ཅད,tshä,anchor_inferred,tshä,identical
chakrasamvara,21,4,10,9,བྱུགས,dschug,anchor_inferred,dschug,identical
chakrasamvara,21,4,11,10,པའོ,pa-o,anchor_inferred,pa-o,identical
chakrasamvara,22,1,10,9,ལྡན,ddan,anchor_inferred,,unaligned
chakrasamvara,22,2,4,4,མདོག,dog,anchor_inferred,dog,identical
chakrasamvara,22,3,1,1,གཅེར,tscher,exact_count,tscher,identical
chakrasamvara,22,3,2,2,མོ,mo,exact_count,mo,identical
chakrasamvara,22,3,3,3,སྐྲ,tra,exact_count,tra,identical
chakrasamvara,22,3,4,4,གྲོལ,dröl,exact_count,dröl,identical
chakrasamvara,22,3,5,5,བ,wa,exact_count,wa,identical
chakrasamvara,22,4,1,1,ཐོད,tho,exact_count,Ihö,different
chakrasamvara,22,4,2,2,པའི,pa,exact_count,p&,different
chakrasamvara,22,4,3,3,དུམ,dum,exact_count,dum,identical
chakrasamvara,22,4,4,4,བུས,wi,exact_count,wü,different
chakrasamvara,22,4,5,5,བརྒྱན,gyän,exact_count,gyän,identical
chakrasamvara,22,4,6,6,པའི,pa,exact_count,pä,different
chakrasamvara,22,4,7,7,འོག,og,exact_count,og,identical
chakrasamvara,22,4,8,8,པག,pag,exact_count,pag,identical
chakrasamvara,22,4,9,9,ཅན,tschän,exact_count,tschän,identical
chakrasamvara,22,5,6,5,མགུལ,gil,anchor_inferred,,unaligned
chakrasamvara,22,5,9,8,འཁྱུད,kyU,anchor_inferred,,unaligned
chakrasamvara,22,5,10,9,པའི,pad,anchor_inferred,,unaligned
chakrasamvara,22,5,11,10,ཐོད,thd,anchor_inferred,,unaligned
chakrasamvara,22,6,1,1,གཡས,ya,exact_count,,unaligned
chakrasamvara,22,6,2,2,པས,pa,exact_count,pa,identical
chakrasamvara,22,6,3,3,ཕྱོགས,tschog,exact_count,tschog,identical
chakrasamvara,22,6,4,4,བཅུའེ,tschü,exact_count,tschü,identical
chakrasamvara,22,6,5,5,གདུག,dug,exact_count,dug,identical
chakrasamvara,22,6,6,6,པ,pa,exact_count,pa,identical
chakrasamvara,22,6,7,7,ཅན,tschän,exact_count,tschän,identical
chakrasamvara,22,6,8,8,ཀུན,kün,exact_count,kün,identical
chakrasamvara,22,6,9,9,ལ,la,exact_count,la,identical
chakrasamvara,22,6,10,10,གྲི,dri,exact_count,,unaligned
chakrasamvara,22,6,11,11,གུག,gug,exact_count,,unaligned
chakrasamvara,22,6,12,12,དང,dang,exact_count,dang,identical
chakrasamvara,22,6,13,13,བཅས,tschä,exact_count,tschä,identical
chakrasamvara,22,7,1,1,པའི,pa,exact_count,pä,different
chakrasamvara,22,7,2,2,སྡིག,dig,exact_count,dig,identical
chakrasamvara,22,7,3,3,མཛུབ,dzub,exact_count,dzub,identical
chakrasamvara,22,7,4,4,ཀྱིས,kyi,exact_count,kyi,identical
chakrasamvara,22,7,5,5,བསྡེགས,dig,exact_count,dig,identical
chakrasamvara,22,7,6,6,པར,par,exact_count,par,identical
chakrasamvara,22,7,7,7,མཛད,dzä,exact_count,dzä,identical
chakrasamvara,22,7,8,8,པ,pa,exact_count,pa,identical
chakrasamvara,22,8,1,1,འཇིག,dschig,exact_count,dschig,identical
chakrasamvara,22,8,2,2,དུས,du,exact_count,dü,different
chakrasamvara,22,8,3,3,ཀྱི,kyi,exact_count,kyi,identical
chakrasamvara,22,8,4,4,མེ,me,exact_count,me,identical
chakrasamvara,22,8,5,5,ལྟར,tar,exact_count,tar,identical
chakrasamvara,22,8,6,6,འབར,bar,exact_count,bar,identical
chakrasamvara,22,8,7,7,བ,wa,exact_count,wa,identical
chakrasamvara,22,9,12,11,འཁྲེལ,thril,anchor_inferred,thril,identical
chakrasamvara,22,12,1,1,མི,mi,exact_count,mi,identical
chakrasamvara,22,12,2,2,མགོ,go,exact_count,go,identical
chakrasamvara,22,12,3,3,སྐམ,kam,exact_count,kam,identical
chakrasamvara,22,12,4,4,པོ,po,exact_count,po,identical
chakrasamvara,22,12,5,5,ལྔའི,ngä,exact_count,ngä,identical
chakrasamvara,22,12,6,6,ཐོད,thé,exact_count,thö,different
chakrasamvara,22,12,7,7,དང,dang,exact_count,dang,identical
chakrasamvara,23,1,1,1,སྐམ,kam,exact_count,kam,identical
chakrasamvara,23,1,2,2,པོ,pa,exact_count,pa,identical
chakrasamvara,23,1,3,3,ལྔ,nga,exact_count,nga,identical
chakrasamvara,23,1,4,4,བཅུའེ,tschü,exact_count,tschü,identical
chakrasamvara,23,1,5,5,དོ,do,exact_count,do,identical
chakrasamvara,23,1,6,6,ཤལ,schäl,exact_count,schäil,different
chakrasamvara,23,1,7,7,ཅན,tschän,exact_count,tschän,identical
chakrasamvara,23,2,1,1,གཉིས,nyi,exact_count,nyi,identical
chakrasamvara,23,2,2,2,ཀའང,ka'ang,exact_count,ka'ang,identical
chakrasamvara,23,2,3,3,ཡེ,ye,exact_count,ye,identical
chakrasamvara,23,2,4,4,ཤེས,sche,exact_count,sche,identical
chakrasamvara,23,2,5,5,ཀྱི,kyi,exact_count,,unaligned
chakrasamvara,23,2,6,6,མེ,me,exact_count,,unaligned
chakrasamvara,23,2,7,7,འབར,bar,exact_count,,unaligned
chakrasamvara,23,2,8,8,བའི,wa,exact_count,,unaligned
chakrasamvara,23,2,9,9,དབུས,U,exact_count,,unaligned
chakrasamvara,23,2,10,10,ན,na,exact_count,,unaligned
chakrasamvara,23,2,11,11,བཞུགས,schug,exact_count,schug,identical
chakrasamvara,23,2,12,12,པ,pa,exact_count,pa,identical
chakrasamvara,23,3,5,5,ཤར,schar,anchor_inferred,,unaligned
chakrasamvara,23,3,10,10,ནག,nag,anchor_inferred,,unaligned
chakrasamvara,23,5,1,1,ལྷོར,Ihor,exact_count,Ihor,identical
chakrasamvara,23,5,2,2,གཟུགས,sug,exact_count,sug,identical
chakrasamvara,23,5,3,3,ཅན,tschän,exact_count,tschän,identical
chakrasamvara,23,5,4,4,མ,ma,exact_count,ma,identical
chakrasamvara,23,5,5,5,སེར,ser,exact_count,ser,identical
chakrasamvara,23,5,6,6,མོ,mo,exact_count,mo,identical
chakrasamvara,24,1,1,1,ཐམས,tham,exact_count,tham,identical
chakrasamvara,24,1,2,2,ཅད,tschä,exact_count,tschä,identical
chakrasamvara,24,1,3,3,ཀྱང,kyang,exact_count,kyang,identical
chakrasamvara,24,1,4,4,ཞལ,schäl,exact_count,schäl,identical
chakrasamvara,24,1,5,5,གཅིག,tschig,exact_count,tschig,identical
chakrasamvara,24,1,6,6,མ,ma,exact_count,ma,identical
chakrasamvara,24,3,1,1,གཅེར,tscher,exact_count,tscher,identical
chakrasamvara,24,3,2,2,མོ,mo,exact_count,mo,identical
chakrasamvara,24,3,3,3,སྐྲ,tra,exact_count,tra,identical
chakrasamvara,24,3,4,4,གྲོལ,dröl,exact_count,dröl,identical
chakrasamvara,24,3,5,5,ཞིང,sching,exact_count,sching,identical
chakrasamvara,24,3,6,6,ལང,lang,exact_count,lang,identical
chakrasamvara,24,3,7,7,ཚོ,zo,exact_count,zo,identical
chakrasamvara,24,3,8,8,གཞོན,schön,exact_count,schön,identical
chakrasamvara,24,3,9,9,ནུ,nu,exact_count,nu,identical
chakrasamvara,24,3,10,10,རྒྱས,gyG,exact_count,gyä,different
chakrasamvara,24,3,11,11,པ,pa,exact_count,pa,identical
chakrasamvara,24,4,8,7,ཌཱ,da,anchor_inferred,da,identical
chakrasamvara,24,5,1,1,གཡོན,yon,anchor_inferred,,unaligned
chakrasamvara,24,6,1,1,གཡས,yä,exact_count,yä,identical
chakrasamvara,24,6,2,2,བརྐྱང,kyang,exact_count,kyang,identical
chakrasamvara,24,6,3,3,གིས,gi,exact_count,gi,identical
chakrasamvara,24,6,4,4,བཞུགས,schug,exact_count,schug,identical
chakrasamvara,24,6,5,5,པ,pa,exact_count,pa,identical
chakrasamvara,24,7,1,1,ཕྱག,tschag,exact_count,tschag,identical
chakrasamvara,24,7,2,2,རྒྱ,gya,exact_count,gya,identical
chakrasamvara,24,7,3,3,ལྔས,nga,exact_count,ngä,different
chakrasamvara,24,7,4,4,བརྒྱན,gyän,exact_count,gyän,identical
chakrasamvara,24,7,5,5,པ,pa,exact_count,pa,identical
chakrasamvara,24,8,1,1,མི,mi,exact_count,mi,identical
chakrasamvara,24,8,2,2,མགོ,go,exact_count,go,identical
chakrasamvara,24,8,3,3,སྐམ,kam,exact_count,kam,identical
chakrasamvara,24,8,4,4,པོ,po,exact_count,po,identical
chakrasamvara,24,8,5,5,ལྔའི,nga’i,exact_count,nga’i,identical
chakrasamvara,24,8,6,6,ཐོད,thé,exact_count,thö,different
chakrasamvara,24,8,7,7,དང,dang,exact_count,dang,identical
chakrasamvara,24,8,8,8,མི,mi,exact_count,mi,identical
chakrasamvara,24,8,9,9,མགོ,go,exact_count,go,identical
chakrasamvara,24,8,10,10,སྐམ,kam,exact_count,kam,identical
chakrasamvara,24,8,11,11,པོ,po,exact_count,po,identical
chakrasamvara,24,8,12,12,ལྔ,nga,exact_count,nga,identical
chakrasamvara,24,8,13,13,བཅུའི,tscht,exact_count,tschÜ,different
chakrasamvara,24,8,14,14,དོ,do,exact_count,do,identical
chakrasamvara,24,8,15,15,ཤལ,schäl,exact_count,schäl,identical
chakrasamvara,24,8,16,16,ཅན,tschän,exact_count,tschän,identical
chakrasamvara,25,1,1,1,མཚམས,zam,exact_count,,unaligned
chakrasamvara,25,1,2,2,ཀྱི,kyi,exact_count,,unaligned
chakrasamvara,25,1,3,3,འདབ,dab,exact_count,,unaligned
chakrasamvara,25,1,4,4,མ,ma,exact_count,,unaligned
chakrasamvara,25,1,5,5,བཞིར,schir,exact_count,,unaligned
chakrasamvara,25,1,6,6,ཟླ,da,exact_count,,unaligned
chakrasamvara,25,1,7,7,གདན,dän,exact_count,,unaligned
chakrasamvara,25,1,8,8,ལ,la,exact_count,,unaligned
chakrasamvara,25,1,9,9,བུམ,bum,exact_count,,unaligned
chakrasamvara,25,1,10,10,པ,pa,exact_count,,unaligned
chakrasamvara,25,1,11,11,བདུད,dui,exact_count,,unaligned
chakrasamvara,25,1,12,12,རྩིས,tsi,exact_count,,unaligned
chakrasamvara,25,1,13,13,གང,gang,exact_count,,unaligned
chakrasamvara,25,1,14,14,བའི,wa,exact_count,,unaligned
chakrasamvara,25,1,15,15,སྟེང,teng,exact_count,,unaligned
chakrasamvara,25,1,16,16,དུ,du,exact_count,,unaligned
chakrasamvara,25,2,1,1,ཀཱ,ka,exact_count,ka,identical
chakrasamvara,25,2,2,2,པ,pa,exact_count,pa,identical
chakrasamvara,25,2,3,3,ལ,la,exact_count,la,identical
chakrasamvara,25,2,4,4,བྱང,dschang,exact_count,dschang,identical
chakrasamvara,25,2,5,5,ཆུབ,tschub,exact_count,tschub,identical
chakrasamvara,25,2,6,6,སེམས,sem,exact_count,sem,identical
chakrasamvara,25,2,7,7,ཀྱིས,kyi,exact_count,kyi,identical
chakrasamvara,25,2,8,8,གང,gang,exact_count,gang,identical
chakrasamvara,25,2,9,9,བ,wa,exact_count,wa,identical
chakrasamvara,25,2,10,10,རེ,re,exact_count,,unaligned
chakrasamvara,25,2,11,11,རེ,re,exact_count,,unaligned
chakrasamvara,25,3,1,1,མགྲིན,trin,anchor_inferred,trin,identical
chakrasamvara,25,4,7,6,ཞྲུཾ,HUNG,anchor_inferred,HUNG,identical
chakrasamvara,25,4,8,7,སྔོན,ngön,anchor_inferred,ngön,identical
chakrasamvara,25,4,9,8,བོ,po,anchor_inferred,po,identical
chakrasamvara,26,1,1,1,ཕཾ,PHAM,anchor_inferred,,unaligned
chakrasamvara,26,1,3,3,ཀའི,ka,anchor_inferred,,unaligned
chakrasamvara,26,1,4,4,ཧུཾ,HUNG,anchor_inferred,HUNG,identical
chakrasamvara,26,1,9,8,བསྒོམ,gom,anchor_inferred,,unaligned
chakrasamvara,26,1,12,11,འདྲ,dra,anchor_inferred,dra,identical
chakrasamvara,26,3,1,1,དབང,wang,exact_count,wang,identical
chakrasamvara,26,3,2,2,གི,gi,exact_count,gi,identical
chakrasamvara,26,3,3,3,ལྷས,Ihä,exact_count,Ihä,identical
chakrasamvara,26,3,4,4,དབང,wang,exact_count,wang,identical
chakrasamvara,26,3,5,5,བསྐུར,kur,exact_count,kur,identical
chakrasamvara,26,4,3,3,རྡོ,do,anchor_inferred,do,identical
chakrasamvara,26,4,11,11,དབུ,u,anchor_inferred,u,identical
chakrasamvara,27,1,4,3,སྟོམས,nyom,anchor_inferred,nyom,identical
chakrasamvara,27,2,1,1,ཧཾ,ES,anchor_inferred,,unaligned
chakrasamvara,27,2,3,3,བྱའེ,dschä,anchor_inferred,dschä,identical
chakrasamvara,27,2,4,4,འདོར,kor,anchor_inferred,kor,identical
chakrasamvara,27,2,6,6,སྐན,län,anchor_inferred,län,identical
chakrasamvara,27,3,1,1,སྡོམ,dom,exact_count,dom,identical
chakrasamvara,27,3,2,2,མཛད,dzä,exact_count,dzä,identical
chakrasamvara,27,3,3,3,ཧེ,he,exact_count,he,identical
chakrasamvara,27,3,4,4,རུ,ru,exact_count,ru,identical
chakrasamvara,27,3,5,5,ཀ,ka,exact_count,ka,identical
chakrasamvara,27,3,6,6,དཔལ,pal,exact_count,päl,different
chakrasamvara,27,3,7,7,ཡབ,yab,exact_count,yab,identical
chakrasamvara,27,3,8,8,ཡུམ,yum,exact_count,yum,identical
chakrasamvara,27,3,9,9,དང,dang,exact_count,dang,identical
chakrasamvara,27,5,6,5,བཀོད,kö,anchor_inferred,kö,identical
chakrasamvara,27,5,8,7,གུས,gu,anchor_inferred,,unaligned
chakrasamvara,28,2,1,1,ཕྲེང,threng,exact_count,,unaligned
chakrasamvara,28,2,2,2,བ,wa,exact_count,,unaligned
chakrasamvara,28,2,3,3,སྟོང,tong,exact_count,tong,identical
chakrasamvara,28,2,4,4,པ,pa,exact_count,pa,identical
chakrasamvara,28,2,5,5,ཉིད,nyi,exact_count,,unaligned
chakrasamvara,28,2,6,6,དུ,du,exact_count,,unaligned
chakrasamvara,28,2,7,7,གྱུར,gyur,exact_count,gyur,identical
chakrasamvara,28,5,1,1,པའི,pda,exact_count,pä,different
chakrasamvara,28,5,2,2,སྤྱི,tschi,exact_count,tschi,identical
chakrasamvara,28,5,3,3,བོར,wor,exact_count,wor,identical
chakrasamvara,28,5,4,4,ཨོཾ,OM,exact_count,OM,identical
chakrasamvara,28,5,5,5,མགྲིན,thrin,exact_count,thrin,identical
chakrasamvara,28,5,6,6,པར,par,exact_count,par,identical
chakrasamvara,28,5,7,7,ཨཱ,AH,exact_count,AH,identical
chakrasamvara,28,5,8,8,ཐུགས,thug,exact_count,thug,identical
chakrasamvara,28,5,9,9,ཀར,kar,exact_count,kar,identical
chakrasamvara,28,5,10,10,ཧཱུཾ,HUNG,exact_count,HUNG,identical
chakrasamvara,29,1,5,4,འཕྲོས,thrd,anchor_inferred,,unaligned
chakrasamvara,29,1,7,6,འདྲའི,dra,anchor_inferred,,unaligned
chakrasamvara,29,2,13,9,བགྲང,drang,anchor_inferred,drang,identical
chakrasamvara,29,2,14,10,འཕྲེང,threng,anchor_inferred,,unaligned
chakrasamvara,33,2,1,1,རྣམ,nam,exact_count,nam,identical
chakrasamvara,33,2,2,2,དག,dag,exact_count,dag,identical
chakrasamvara,33,2,3,3,རྡོ,dor,exact_count,dor,identical
chakrasamvara,33,2,4,4,རྗེའི,dsche'i,exact_count,dsche'i,identical
chakrasamvara,33,2,5,5,དབང,wang,exact_count,wang,identical
chakrasamvara,33,2,6,6,ཕྱུག,tschug,exact_count,tschug,identical
chakrasamvara,33,2,7,7,དང,dang,exact_count,dang,identical
chakrasamvara,33,3,1,1,རྗེས,dsche,exact_count,asche,different
chakrasamvara,33,3,2,2,ཆགས,tschag,exact_count,tschag,identical
chakrasamvara,33,3,3,3,ཚགས,tschag,exact_count,tschag,identical
chakrasamvara,33,3,4,4,པ,pa,exact_count,pa,identical
chakrasamvara,33,3,5,5,ཆེ,tsche,exact_count,tsche,identical
chakrasamvara,33,3,6,6,རྣམས,nam,exact_count,nam,identical
chakrasamvara,33,3,7,7,ཀྱི,kyi,exact_count,kyi,identical
chakrasamvara,33,4,1,1,རྡོ,dor,exact_count,dor,identical
chakrasamvara,33,4,2,2,རྗེ,dsche,exact_count,dsche,identical
chakrasamvara,33,4,3,3,ཕག,phag,exact_count,phag,identical
chakrasamvara,33,4,4,4,མོ,mo,exact_count,mo,identical
chakrasamvara,33,4,5,5,དེ,de,exact_count,de,identical
chakrasamvara,33,4,6,6,ལ,la,exact_count,la,identical
chakrasamvara,33,4,7,7,བསྟོད,dö,exact_count,dö,identical
chakrasamvara,33,5,21,3,ཚད,tsG,anchor_inferred,,unaligned
chakrasamvara,33,6,12,3,འདི,di,anchor_inferred,,unaligned
chakrasamvara,33,7,1,1,བདག,dag,exact_count,dag,identical
chakrasamvara,33,7,2,2,ཅག,tschag,exact_count,tschag,identical
chakrasamvara,33,7,3,3,རྗེས,dsche,exact_count,dsche,identical
chakrasamvara,33,7,4,4,སུ,su,exact_count,su,identical
chakrasamvara,33,7,5,5,འཛིན,dsin,exact_count,dsin,identical
chakrasamvara,33,7,6,6,པའི,pä,exact_count,pä,identical
chakrasamvara,33,7,7,7,རྒྱུར,gyur,exact_count,gyur,identical
chakrasamvara,33,7,8,8,གྱུར,gyur,exact_count,gyur,identical
chakrasamvara,33,7,9,9,ཅིག,tschig,exact_count,tschig,identical
chakrasamvara,34,1,1,1,ཁ,kha,exact_count,,unaligned
chakrasamvara,34,1,2,2,དོག,dog,exact_count,,unaligned
chakrasamvara,34,1,3,3,དྲི,dri,exact_count,,unaligned
chakrasamvara,34,1,4,4,རོ,ro,exact_count,,unaligned
chakrasamvara,34,1,5,5,ནུས,nU,exact_count,,unaligned
chakrasamvara,34,1,6,6,པའི,pa,exact_count,,unaligned
chakrasamvara,34,1,7,7,སྐྱོན,kyön,exact_count,,unaligned
chakrasamvara,34,1,8,8,ཐམས,tham,exact_count,,unaligned
chakrasamvara,34,1,9,9,ཅད,tschä,exact_count,,unaligned
chakrasamvara,34,1,10,10,བཅོམ,tschom,exact_count,,unaligned
chakrasamvara,34,1,11,11,ཞིང,sching,exact_count,sching,identical
chakrasamvara,34,1,12,12,བདུད,au,exact_count,,unaligned
chakrasamvara,34,1,13,13,རྩིའི,tsi,exact_count,,unaligned
chakrasamvara,34,1,14,14,རང,rang,exact_count,,unaligned
chakrasamvara,34,1,15,15,བཞིན,schin,exact_count,,unaligned
chakrasamvara,34,1,16,16,དུ,du,exact_count,,unaligned
chakrasamvara,34,1,17,17,གྱུར,gyur,exact_count,,unaligned
chakrasamvara,34,2,21,4,ཁྲོད,trö,anchor_inferred,,unaligned
chakrasamvara,34,2,22,5,བརྒྱད,gyG,anchor_inferred,,unaligned
chakrasamvara,34,2,24,7,གནས,nü,anchor_inferred,,unaligned
chakrasamvara,34,3,1,1,དང,dang,exact_count,,unaligned
chakrasamvara,34,3,2,2,ཀླུ,lu,exact_count,,unaligned
chakrasamvara,34,3,3,3,ལ,la,exact_count,,unaligned
chakrasamvara,34,3,4,4,སོགས,sog,exact_count,,unaligned
chakrasamvara,34,3,5,5,པས,pa,exact_count,,unaligned
chakrasamvara,34,3,6,6,བསྐོར,kor,exact_count,,unaligned
chakrasamvara,34,3,7,7,བའེ,wa,exact_count,,unaligned
chakrasamvara,34,3,8,8,འཁོར,khor,exact_count,,unaligned
chakrasamvara,34,3,9,9,ལོ,lo,exact_count,,unaligned
chakrasamvara,34,3,10,10,བདེ,dem,exact_count,,unaligned
chakrasamvara,34,3,11,11,མཆོག,tschog,exact_count,,unaligned
chakrasamvara,34,3,12,12,གི,gi,exact_count,,unaligned
chakrasamvara,34,3,13,13,དཀྱིལ,kyil,exact_count,,unaligned
chakrasamvara,34,3,14,14,འཁོར,khor,exact_count,,unaligned
chakrasamvara,34,4,1,1,མདུན,din,anchor_inferred,,unaligned
chakrasamvara,34,4,3,3,ནམ,nam,anchor_inferred,,unaligned
chakrasamvara,34,4,4,4,མཁར,khar,anchor_inferred,,unaligned
chakrasamvara,35,2,4,4,ལྗགས,dschag,anchor_inferred,dschag,identical
chakrasamvara,35,2,10,10,པའེ,pad,anchor_inferred,,unaligned
chakrasamvara,37,1,5,5,བོའི,wö,anchor_inferred,wö,identical
chakrasamvara,37,1,10,10,འཚལ,zal,anchor_inferred,zal,identical
chakrasamvara,37,1,11,11,རྭུ,HUNG,anchor_inferred,HUNG,identical
chakrasamvara,37,1,12,12,ཧྭུཾ,HUNG,anchor_inferred,HUNG,identical
chakrasamvara,37,2,2,2,བསྐལ,kdl,anchor_inferred,,unaligned
chakrasamvara,37,2,5,5,པོའི,pd,anchor_inferred,,unaligned
chakrasamvara,37,3,11,10,ཧྭུཾ,HUNG,anchor_inferred,HUNG,identical
chakrasamvara,37,4,1,1,ཨོ,OM,anchor_inferred,OM,identical
chakrasamvara,37,4,5,5,གདེངས,deng,anchor_inferred,deng,identical
chakrasamvara,37,5,1,1,ཨོཾ,OM,exact_count,OM,identical
chakrasamvara,37,5,2,2,སྟག,tag,exact_count,tag,identical
chakrasamvara,37,5,3,3,གི,gi,exact_count,gi,identical
chakrasamvara,37,5,4,4,པགས,pag,exact_count,pag,identical
chakrasamvara,37,5,5,5,པའི,pa,exact_count,pä,different
chakrasamvara,37,5,6,6,ན,na,exact_count,na,identical
chakrasamvara,37,5,7,7,བཟའ,sa,exact_count,sa,identical
chakrasamvara,37,5,8,8,འཛིན,dzin,exact_count,dzin,identical
chakrasamvara,37,5,9,9,བ,pa,exact_count,pa,identical
chakrasamvara,37,5,10,10,ཅན,tschän,exact_count,tschän,identical
chakrasamvara,37,5,11,11,ཧཱུཾ,HUNG,exact_count,HUNG,identical
chakrasamvara,37,5,12,12,ཧཱུཾ,HUNG,exact_count,HUNG,identical
chakrasamvara,37,5,13,13,ཕཊ,PHA,exact_count,PHÄ,different
chakrasamvara,38,1,1,1,ཨོ,OM,anchor_inferred,OM,identical
chakrasamvara,38,1,4,4,དུད,dt,anchor_inferred,,unaligned
chakrasamvara,38,1,6,6,བགེགས,geg,anchor_inferred,geg,identical
chakrasamvara,38,1,7,7,མཐར,thar,anchor_inferred,thar,identical
chakrasamvara,38,1,10,10,འདུད,dU,anchor_inferred,,unaligned
chakrasamvara,38,1,11,11,རྩུཾ,HUNG,anchor_inferred,HUNG,identical
chakrasamvara,38,2,2,2,འཕགས,phag,anchor_inferred,phag,identical
chakrasamvara,38,2,4,4,རིག,rig,anchor_inferred,rig,identical
chakrasamvara,38,2,5,5,མའེ,mä,anchor_inferred,mä,identical
chakrasamvara,38,2,8,8,ཁམས,kham,anchor_inferred,kham,identical
chakrasamvara,38,3,2,2,འབྱུང,dschung,anchor_inferred,dschung,identical
chakrasamvara,38,3,3,3,པོའི,po,anchor_inferred,,unaligned
chakrasamvara,38,3,9,9,རྡེ,dsche,anchor_inferred,dsche,identical
chakrasamvara,38,4,1,1,ཨཾ,OM,anchor_inferred,OM,identical
chakrasamvara,38,4,6,6,གཞན,schän,anchor_inferred,schän,identical
chakrasamvara,38,4,9,9,ཐུབ,thub,anchor_inferred,,unaligned
chakrasamvara,38,5,2,2,གཏུམ,tum,anchor_inferred,tum,identical
chakrasamvara,38,5,5,5,མོའི,mö,anchor_inferred,mö,identical
chakrasamvara,38,5,7,7,ཀྱིས,gyi,anchor_inferred,gyi,identical
chakrasamvara,38,5,10,10,སྐེམ,kem,anchor_inferred,kem,identical
chakrasamvara,39,1,2,2,བདུད,dU,anchor_inferred,,unaligned
chakrasamvara,39,1,4,4,སྐྲག,trag,anchor_inferred,trag,identical
chakrasamvara,39,1,5,5,ཅིང,tsching,anchor_inferred,tsching,identical
chakrasamvara,39,1,11,10,ལས,la,anchor_inferred,,unaligned
chakrasamvara,39,2,1,1,ཨོ,OM,anchor_inferred,OM,identical
chakrasamvara,39,2,2,2,རྨུག,mug,anchor_inferred,mug,identical
chakrasamvara,39,3,1,1,ོ,Om,anchor_inferred,Om,identical
chakrasamvara,39,3,6,6,སྦྱོར,dschor,anchor_inferred,dschor,identical
chakrasamvara,39,3,8,8,འདོད,dö,anchor_inferred,dö,identical
chakrasamvara,40,1,1,1,ཧེ,he,exact_count,he,identical
chakrasamvara,40,1,2,2,རུ,ru,exact_count,ru,identical
chakrasamvara,40,1,3,3,ཀ,ka,exact_count,ka,identical
chakrasamvara,40,1,4,4,ལ,la,exact_count,la,identical
chakrasamvara,40,1,5,5,བདག,dag,exact_count,dag,identical
chakrasamvara,40,1,6,6,གིས,gi,exact_count,gi,identical
chakrasamvara,40,1,7,7,བསྟེན,ten,exact_count,ten,identical
chakrasamvara,40,2,1,1,སྟོང,tong,exact_count,tong,identical
chakrasamvara,40,2,2,2,གསལ,säl,exact_count,säl,identical
chakrasamvara,40,2,3,3,བརྗོད,dschö,exact_count,dschö,identical
chakrasamvara,40,2,4,4,མེད,me,exact_count,me,identical
chakrasamvara,40,2,5,5,བདག,dag,exact_count,dag,identical
chakrasamvara,40,2,6,6,གིས,gi,exact_count,gi,identical
chakrasamvara,40,2,7,7,མྱོང,nyong,exact_count,nyong,identical
chakrasamvara,40,3,1,1,དགེ,ge,exact_count,ge,identical
chakrasamvara,40,3,2,2,བ,wa,exact_count,wa,identical
chakrasamvara,40,3,3,3,ཅུང,tschung,exact_count,tschung,identical
chakrasamvara,40,3,4,4,ཟད,sä,exact_count,sä,identical
chakrasamvara,40,3,5,5,བདག,dag,exact_count,dag,identical
chakrasamvara,40,3,6,6,གིས,gi,exact_count,gi,identical
chakrasamvara,40,3,7,7,བསགས,sag,exact_count,sag,identical
chakrasamvara,40,6,1,1,འབྲེལ,drel,exact_count,drel,identical
chakrasamvara,40,6,2,2,བའི,wä,exact_count,wä,identical
chakrasamvara,40,6,3,3,ལེགས,leg,exact_count,leg,identical
chakrasamvara,40,6,4,4,ཚོགས,zog,exact_count,zog,identical
chakrasamvara,40,6,5,5,བདག,dag,exact_count,dag,identical
chakrasamvara,40,6,6,6,ལ,la,exact_count,la,identical
chakrasamvara,40,6,7,7,ཅི,dschi,exact_count,dschi,identical
chakrasamvara,40,6,8,8,མཆིས,tschi,exact_count,tschi,identical
chakrasamvara,40,6,9,9,པ,pa,exact_count,pa,identical
chakrasamvara,40,7,6,5,ཚུལ,Zul,anchor_inferred,,unaligned
chakrasamvara,41,1,3,2,ཡིས,yi,anchor_inferred,,unaligned
chakrasamvara,41,1,4,3,ཉེ,nye,anchor_inferred,,unaligned
chakrasamvara,41,1,6,5,བསྟན,tan,anchor_inferred,,unaligned
chakrasamvara,41,1,8,7,གདམས,dam,anchor_inferred,dam,identical
chakrasamvara,41,2,1,1,འོངས,ong,exact_count,ong,identical
chakrasamvara,41,2,2,2,པའི,pa,exact_count,pä,different
chakrasamvara,41,2,3,3,དལ,dal,exact_count,däl,different
chakrasamvara,41,2,4,4,འབྱོར,dschor,exact_count,dschor,identical
chakrasamvara,41,2,5,5,དོན,dön,exact_count,dön,identical
chakrasamvara,41,2,6,6,ཆེ,tsche,exact_count,tsche,identical
chakrasamvara,41,2,7,7,རྙེད,nye,exact_count,nye,identical
chakrasamvara,41,2,8,8,དཀའ,ga,exact_count,ga,identical
chakrasamvara,41,2,9,9,དང,dang,exact_count,dang,identical
chakrasamvara,41,3,3,3,སླ,la,anchor_inferred,la,identical
chakrasamvara,41,3,5,5,ངན,ngän,anchor_inferred,ngän,identical
chakrasamvara,41,3,6,6,འགྲོའི,drö,anchor_inferred,drö,identical
chakrasamvara,41,4,1,1,སྐྱོབ,kyob,exact_count,kyob,identical
chakrasamvara,41,4,2,2,པའི,pd,exact_count,pü,different
chakrasamvara,41,4,3,3,སྐྱབས,kyab,exact_count,kyab,identical
chakrasamvara,41,4,4,4,འགྲོ,dro,exact_count,dro,identical
chakrasamvara,41,4,5,5,དག,dag,exact_count,dag,identical
chakrasamvara,41,4,6,6,དང,dang,exact_count,dang,identical
chakrasamvara,41,4,7,7,ལས,län,exact_count,län,identical
chakrasamvara,41,4,8,8,འབྲས,dra,exact_count,drä,different
chakrasamvara,41,4,9,9,རྣམས,nam,exact_count,nam,identical
chakrasamvara,41,5,9,8,ཞིག,schig,anchor_inferred,,unaligned
chakrasamvara,41,6,1,1,རྙེད,nje,exact_count,nje,identical
chakrasamvara,41,6,2,2,ནས,nd,exact_count,nä,different
chakrasamvara,41,6,3,3,ཡང,jang,exact_count,jang,identical
chakrasamvara,41,6,4,4,དག,dag,exact_count,dag,identical
chakrasamvara,41,6,5,5,ལམ,lam,exact_count,lam,identical
chakrasamvara,41,6,6,6,གྱི,gji,exact_count,gji,identical
chakrasamvara,41,6,7,7,གཞི,schi,exact_count,schi,identical
chakrasamvara,41,6,8,8,ཟིན,sin,exact_count,sin,identical
chakrasamvara,41,6,9,9,ཤོག,scho,exact_count,scho,identical
chakrasamvara,41,7,1,1,འཁོར,kor,exact_count,kor,identical
chakrasamvara,41,7,2,2,བ,wa,exact_count,wa,identical
chakrasamvara,41,7,3,3,ཚུ,tschu,exact_count,tschu,identical
chakrasamvara,41,7,4,4,ཤིང,sching,exact_count,sching,identical
chakrasamvara,41,7,5,5,སྙིང,njing,exact_count,njing,identical
chakrasamvara,41,7,6,6,ཕོ,po,exact_count,po,identical
chakrasamvara,41,7,7,7,མེད,me,exact_count,me,identical
chakrasamvara,41,7,8,8,པ,pa,exact_count,pa,identical
chakrasamvara,41,7,9,9,ལ,la,exact_count,la,identical
chakrasamvara,41,8,5,5,ཡིད,ji,anchor_inferred,ji,identical
chakrasamvara,41,8,7,7,འབྱུང,dschung,anchor_inferred,dschung,identical
chakrasamvara,42,1,1,1,བརྩེ,tse,exact_count,se,different
chakrasamvara,42,1,2,2,བས,wä,exact_count,wä,identical
chakrasamvara,42,1,3,3,འགྲོ,dro,exact_count,dro,identical
chakrasamvara,42,1,4,4,བའི,wä,exact_count,wä,identical
chakrasamvara,42,1,5,5,སྙུག,dug,exact_count,dug,identical
chakrasamvara,42,1,6,6,བསྔལ,ngäl,exact_count,ngäl,identical
chakrasamvara,42,1,7,7,མ,ma,exact_count,ma,identical
chakrasamvara,42,1,8,8,བཟོད,sö,exact_count,sö,identical
chakrasamvara,42,1,9,9,ནས,nä,exact_count,nä,identical
chakrasamvara,42,2,1,1,སེམས,sem,exact_count,sem,identical
chakrasamvara,42,2,2,2,ནི,ni,exact_count,ni,identical
chakrasamvara,42,2,3,3,བྱང,dschang,exact_count,dschang,identical
chakrasamvara,42,2,4,4,ཆུབ,tschub,exact_count,tschub,identical
chakrasamvara,42,2,5,5,མཆོག,tschog,exact_count,tschog,identical
chakrasamvara,42,2,6,6,ལ,la,exact_count,la,identical
chakrasamvara,42,2,7,7,མངོན,ngön,exact_count,ngön,identical
chakrasamvara,42,2,8,8,ཕྱོགས,tschog,exact_count,tschog,identical
chakrasamvara,42,2,9,9,པའི,pä,exact_count,pä,identical
chakrasamvara,42,3,1,1,སྨོན,mön,anchor_inferred,,unaligned
chakrasamvara,42,4,1,1,ཕྱིན,tschin,exact_count,,unaligned
chakrasamvara,42,4,2,2,དྲུག,drug,exact_count,,unaligned
chakrasamvara,42,4,3,3,བསྡུ,du,exact_count,,unaligned
chakrasamvara,42,4,4,4,བ,wa,exact_count,,unaligned
chakrasamvara,42,4,5,5,བཞི,schi,exact_count,,unaligned
chakrasamvara,42,4,6,6,ལ,la,exact_count,,unaligned
chakrasamvara,42,4,7,7,སྤྱོད,tschö,exact_count,,unaligned
chakrasamvara,42,4,8,8,པར,par,exact_count,,unaligned
chakrasamvara,42,4,9,9,ཤོག,scho,exact_count,,unaligned
chakrasamvara,42,5,1,1,ཐུན,thUn,exact_count,,unaligned
chakrasamvara,42,5,2,2,མོངས,mong,exact_count,,unaligned
chakrasamvara,42,5,3,3,ལམ,lam,exact_count,,unaligned
chakrasamvara,42,5,4,4,སྦྱངས,dschang,exact_count,,unaligned
chakrasamvara,42,5,5,5,སྣོད,nö,exact_count,,unaligned
chakrasamvara,42,5,6,6,དུ,du,exact_count,,unaligned
chakrasamvara,42,5,7,7,གྱུར,gyur,exact_count,,unaligned
chakrasamvara,42,5,8,8,པ,pa,exact_count,pa,identical
chakrasamvara,42,5,9,9,ན,na,exact_count,,unaligned
chakrasamvara,42,6,1,1,དབང,wang,exact_count,wang,identical
chakrasamvara,42,6,2,2,བཞི,schi,exact_count,schi,identical
chakrasamvara,42,6,3,3,བསྐུར,kur,exact_count,kur,identical
chakrasamvara,42,6,4,4,བས,wä,exact_count,wä,identical
chakrasamvara,42,6,5,5,སྐུ,ku,exact_count,ku,identical
chakrasamvara,42,6,6,6,བཞི,schi,exact_count,schi,identical
chakrasamvara,42,6,7,7,འགྲུབ,drub,exact_count,drub,identical
chakrasamvara,42,6,8,8,ངེས,nge,exact_count,nge,identical
chakrasamvara,42,6,9,9,ཀྱི,kyi,exact_count,kyi,identical
chakrasamvara,42,7,1,1,ནུས,nü,exact_count,nü,identical
chakrasamvara,42,7,2,2,པ,pa,exact_count,pa,identical
chakrasamvara,42,7,3,3,སྟོབས,tob,exact_count,tob,identical
chakrasamvara,42,7,4,4,ལྡན,dan,exact_count,dÄän,different
chakrasamvara,42,7,5,5,ཡང,yang,exact_count,yang,identical
chakrasamvara,42,7,6,6,ཡང,yang,exact_count,yang,identical
chakrasamvara,42,7,7,7,རང,rang,exact_count,rang,identical
chakrasamvara,42,7,8,8,རྒྱད,gyü,exact_count,gyü,identical
chakrasamvara,42,7,9,9,ལ,la,exact_count,la,identical
chakrasamvara,42,8,1,1,སྒྱེས,kye,anchor_inferred,kye,identical
chakrasamvara,43,1,1,1,བསྐྱེད,kye,anchor_inferred,kye,identical
chakrasamvara,43,1,7,6,བརྟན,tan,anchor_inferred,,unaligned
chakrasamvara,43,2,1,1,ཐུན,thin,exact_count,,unaligned
chakrasamvara,43,2,2,2,བཞིའི,schi,exact_count,schi,identical
chakrasamvara,43,2,3,3,རྣམ,nal,exact_count,näl,different
chakrasamvara,43,2,4,4,འབྱོར,dschor,exact_count,dschor,identical
chakrasamvara,43,2,5,5,ལ,la,exact_count,,unaligned
chakrasamvara,43,2,6,6,ནི,ni,exact_count,,unaligned
chakrasamvara,43,2,7,7,རབ,rab,exact_count,,unaligned
chakrasamvara,43,2,8,8,འབད,bd,exact_count,,unaligned
chakrasamvara,43,2,9,9,དེ,de,exact_count,de,identical
chakrasamvara,43,3,1,1,གང,gang,exact_count,gang,identical
chakrasamvara,43,3,2,2,སྣང,nang,exact_count,nang,identical
chakrasamvara,43,3,3,3,ལྷ,Iha,exact_count,Iha,identical
chakrasamvara,43,3,4,4,ཡི,yi,exact_count,yi,identical
chakrasamvara,43,3,5,5,འཁོར,khor,exact_count,khor,identical
chakrasamvara,43,3,6,6,ལོར,lor,exact_count,lor,identical
chakrasamvara,43,3,7,7,འཆར,tschar,exact_count,tschar,identical
chakrasamvara,43,3,8,8,བ,wa,exact_count,wa,identical
chakrasamvara,43,3,9,9,ཡི,yi,exact_count,yi,identical
chakrasamvara,43,4,1,1,རིམ,rim,exact_count,rim,identical
chakrasamvara,43,4,2,2,པ,pa,exact_count,pa,identical
chakrasamvara,43,4,3,3,དང,dang,exact_count,dang,identical
chakrasamvara,43,4,4,4,པོའི,pö,exact_count,pö,identical
chakrasamvara,43,4,5,5,རྟོགས,tog,exact_count,tog,identical
chakrasamvara,43,4,6,6,པ,pa,exact_count,pa,identical
chakrasamvara,43,4,7,7,སྐྱེ,kye,exact_count,kye,identical
chakrasamvara,43,4,8,8,པར,par,exact_count,par,identical
chakrasamvara,43,4,9,9,ཤོག,scho,exact_count,scho,identical
chakrasamvara,43,5,5,4,གནས,na,anchor_inferred,na,identical
chakrasamvara,43,5,7,6,སྡུད,dU,anchor_inferred,,unaligned
chakrasamvara,43,6,1,1,དི,de,anchor_inferred,de,identical
chakrasamvara,43,6,4,4,དའི,dä,anchor_inferred,,unaligned
chakrasamvara,43,7,1,1,དཀར,kar,exact_count,kar,identical
chakrasamvara,43,7,2,2,དམར,mar,exact_count,mar,identical
chakrasamvara,43,7,3,3,ཟླ,da,exact_count,da,identical
chakrasamvara,43,7,4,4,བའི,wä,exact_count,wä,identical
chakrasamvara,43,7,5,5,དབུས,U,exact_count,Ü,different
chakrasamvara,43,7,6,6,སུ,su,exact_count,su,identical
chakrasamvara,43,7,7,7,ཞུགས,schug,exact_count,schug,identical
chakrasamvara,43,7,8,8,པར,par,exact_count,par,identical
chakrasamvara,43,7,9,9,ཤོག,scho,exact_count,scho,identical
chakrasamvara,44,2,1,1,འཆི,tschi,exact_count,tschi,identical
chakrasamvara,44,2,2,2,བ,wa,exact_count,wa,identical
chakrasamvara,44,2,3,3,ཆོས,tschö,exact_count,tschö,identical
chakrasamvara,44,2,4,4,སྐུ,ku,exact_count,ku,identical
chakrasamvara,44,2,5,5,བར,bar,exact_count,bar,identical
chakrasamvara,44,2,6,6,དོ,do,exact_count,do,identical
chakrasamvara,44,2,7,7,ལོངས,long,exact_count,long,identical
chakrasamvara,44,2,8,8,སྐུ,ku,exact_count,ku,identical
chakrasamvara,44,2,9,9,དང,dang,exact_count,dang,identical
chakrasamvara,44,3,1,1,སྐྱེ,kye,exact_count,,unaligned
chakrasamvara,44,3,2,2,བ,wa,exact_count,,unaligned
chakrasamvara,44,3,3,3,སྤྲལ,trül,exact_count,,unaligned
chakrasamvara,44,3,4,4,སྐུར,kur,exact_count,,unaligned
chakrasamvara,44,3,5,5,འཁྱེར,khyer,exact_count,,unaligned
chakrasamvara,44,3,6,6,བའི,wa,exact_count,,unaligned
chakrasamvara,44,3,7,7,ལམ,lam,exact_count,,unaligned
chakrasamvara,44,3,8,8,འཁྱེར,khyer,exact_count,,unaligned
chakrasamvara,44,3,9,9,དུ,du,exact_count,,unaligned
chakrasamvara,44,4,1,1,ཤེས,sche,exact_count,sche,identical
chakrasamvara,44,4,2,2,ནས,na,exact_count,nä,different
chakrasamvara,44,4,3,3,བསྒོམས,gom,exact_count,gom,identical
chakrasamvara,44,4,4,4,པས,pa,exact_count,pä,different
chakrasamvara,44,4,5,5,དེ,de,exact_count,de,identical
chakrasamvara,44,4,6,6,བཞིན,schin,exact_count,schin,identical
chakrasamvara,44,4,7,7,འགྲུབ,drub,exact_count,drub,identical
chakrasamvara,44,4,8,8,པར,par,exact_count,par,identical
chakrasamvara,44,4,9,9,ཤོག,scho,exact_count,scho,identical
chakrasamvara,44,5,1,1,སྙེང,nying,exact_count,nying,identical
chakrasamvara,44,5,2,2,གའི,gd,exact_count,gä,different
chakrasamvara,44,5,3,3,ཆུ,tschu,exact_count,tschu,identical
chakrasamvara,44,5,4,4,སྐྱེས,kye,exact_count,kye,identical
chakrasamvara,44,5,5,5,དབུས,U,exact_count,U,identical
chakrasamvara,44,5,6,6,སུ,su,exact_count,su,identical
chakrasamvara,44,5,7,7,མི,mi,exact_count,mi,identical
chakrasamvara,44,5,8,8,ཤིགས,schig,exact_count,schig,identical
chakrasamvara,44,5,9,9,པའེ,pü,exact_count,pü,identical
chakrasamvara,44,6,7,6,དྲ,dra,anchor_inferred,dra,identical
chakrasamvara,44,7,1,1,བྱིན,dschin,exact_count,dschin,identical
chakrasamvara,44,7,2,2,རླབས,lab,exact_count,lab,identical
chakrasamvara,44,7,3,3,རིམ,rim,exact_count,rim,identical
chakrasamvara,44,7,4,4,པ,pa,exact_count,pa,identical
chakrasamvara,44,7,5,5,རྣམ,nam,exact_count,nam,identical
chakrasamvara,44,7,6,6,གཉིས,nyi,exact_count,nyi,identical
chakrasamvara,44,7,7,7,གོམས,gom,exact_count,gom,identical
chakrasamvara,44,7,8,8,བྱས,dschä,exact_count,dschä,identical
chakrasamvara,44,7,9,9,པས,pä,exact_count,pä,identical
chakrasamvara,44,8,1,1,ལྷན,län,exact_count,län,identical
chakrasamvara,44,8,2,2,སྐྱེས,kye,exact_count,kye,identical
chakrasamvara,44,8,3,3,བདེ,de,exact_count,de,identical
chakrasamvara,44,8,4,4,ཆེན,tschen,exact_count,tschen,identical
chakrasamvara,44,8,5,5,ཡེ,ye,exact_count,ye,identical
chakrasamvara,44,8,6,6,ཤེས,sche,exact_count,sche,identical
chakrasamvara,44,8,7,7,འཆར,tschar,exact_count,tschar,identical
chakrasamvara,44,8,8,8,བར,war,exact_count,war,identical
chakrasamvara,44,8,9,9,ཤོག,scho,exact_count,scho,identical
chakrasamvara,45,1,1,1,སྒྱུ,gyu,anchor_inferred,gyu,identical
chakrasamvara,45,1,4,4,ཆུང,tschung,anchor_inferred,,unaligned
chakrasamvara,45,2,6,5,འཕྲུལ,thrül,anchor_inferred,thrül,identical
chakrasamvara,45,2,9,8,གར,gar,anchor_inferred,gar,identical
chakrasamvara,45,3,1,1,སློབ,lob,exact_count,lIob,different
chakrasamvara,45,3,2,2,དང,dang,exact_count,dang,identical
chakrasamvara,45,3,3,3,མི,mi,exact_count,mi,identical
chakrasamvara,45,3,4,4,སློབ,lob,exact_count,lob,identical
chakrasamvara,45,3,5,5,ཟུང,sung,exact_count,sung,identical
chakrasamvara,45,3,6,6,འཇུག,dschug,exact_count,dschug,identical
chakrasamvara,45,3,7,7,རྡོ,dor,exact_count,dor,identical
chakrasamvara,45,3,8,8,རྡེའི,dsche’i,exact_count,dsche!i,different
chakrasamvara,45,3,9,9,སྐུ,ku,exact_count,ku,identical
chakrasamvara,45,4,1,1,ཆེ,ze,exact_count,,unaligned
chakrasamvara,45,4,2,2,འདིར,dir,exact_count,,unaligned
chakrasamvara,45,4,3,3,མྱུར,nyur,exact_count,,unaligned
chakrasamvara,45,4,4,4,བར,war,exact_count,,unaligned
chakrasamvara,45,4,5,5,མངོན,ngön,exact_count,,unaligned
chakrasamvara,45,4,6,6,དུ,du,exact_count,,unaligned
chakrasamvara,45,4,7,7,བྱེད,dsche,exact_count,,unaligned
chakrasamvara,45,4,8,8,པར,par,exact_count,,unaligned
chakrasamvara,45,4,9,9,ཤོག,scho,exact_count,,unaligned
chakrasamvara,45,5,1,1,གོ,go,exact_count,go,identical
chakrasamvara,45,5,2,2,འཕང,phang,exact_count,phang,identical
chakrasamvara,45,5,3,3,མཆོག,tschog,exact_count,tschog,identical
chakrasamvara,45,5,4,4,དེ,de,exact_count,de,identical
chakrasamvara,45,5,5,5,ཚེ,ze,exact_count,ze,identical
chakrasamvara,45,5,6,6,འདིར,dir,exact_count,dir,identical
chakrasamvara,45,5,7,7,མ,ma,exact_count,ma,identical
chakrasamvara,45,5,8,8,ཐོབ,thob,exact_count,thob,identical
chakrasamvara,45,5,9,9,ན,na,exact_count,na,identical
chakrasamvara,45,6,1,1,འཆི,tschi,exact_count,tschi,identical
chakrasamvara,45,6,2,2,ཚེ,ze,exact_count,ze,identical
chakrasamvara,45,6,3,3,རྗེ,dsche,exact_count,dsche,identical
chakrasamvara,45,6,4,4,བཙུན,tsün,exact_count,tsün,identical
chakrasamvara,45,6,5,5,ཡབ,yab,exact_count,yab,identical
chakrasamvara,45,6,6,6,ཡུབ,yum,exact_count,yum,identical
chakrasamvara,45,6,7,7,འཁོར,khor,exact_count,khor,identical
chakrasamvara,45,6,8,8,བཅས,tschä,exact_count,tschä,identical
chakrasamvara,45,6,9,9,ཀྱིས,kyi,exact_count,kyi,identical
chakrasamvara,45,7,1,1,ཡིད,yi,exact_count,,unaligned
chakrasamvara,45,7,2,2,འོང,ong,exact_count,,unaligned
chakrasamvara,45,7,3,3,མཆོད,tschö,exact_count,tschö,identical
chakrasamvara,45,7,4,4,སྤྲིན,trin,exact_count,trin,identical
chakrasamvara,45,7,5,5,སྙན,nyän,exact_count,nyän,identical
chakrasamvara,45,7,6,6,པའི,pa,exact_count,pä,different
chakrasamvara,45,7,7,7,རོལ,röl,exact_count,röl,identical
chakrasamvara,45,7,8,8,མོའི,ms,exact_count,,unaligned
chakrasamvara,45,7,9,9,སྒྲས,dra,exact_count,,unaligned
chakrasamvara,46,1,1,1,འཛམ,dzam,exact_count,dzam,identical
chakrasamvara,46,1,2,2,གླིང,ling,exact_count,ling,identical
chakrasamvara,46,1,3,3,གནས,nä,exact_count,nä,identical
chakrasamvara,46,1,4,4,མཆོག,tschog,exact_count,tschog,identical
chakrasamvara,46,1,5,5,ཉི,nji,exact_count,nji,identical
chakrasamvara,46,1,6,6,ཤུ,shu,exact_count,shu,identical
chakrasamvara,46,1,7,7,རྩ,tsa,exact_count,tsa,identical
chakrasamvara,46,1,8,8,བཞི,schi,exact_count,schi,identical
chakrasamvara,46,1,9,9,ཡི,ji,exact_count,ji,identical
chakrasamvara,46,2,3,3,རྣལ,nal,anchor_inferred,,unaligned
chakrasamvara,46,3,1,1,གཡེལ,jel,anchor_inferred,jel,identical
chakrasamvara,46,3,7,7,གྲོགས,drog,anchor_inferred,drog,identical
chakrasamvara,46,4,7,6,ལགས,lag,anchor_inferred,lag,identical
chakrasamvara,46,5,6,5,འབྲས,drä,anchor_inferred,drä,identical
chakrasamvara,46,5,7,6,བུ,bu,anchor_inferred,bu,identical
chakrasamvara,46,6,1,1,སེམས,sem,exact_count,sem,identical
chakrasamvara,46,6,2,2,ཅན,tschän,exact_count,tschän,identical
chakrasamvara,46,6,3,3,ཀུན,kün,exact_count,kün,identical
chakrasamvara,46,6,4,4,ལ,la,exact_count,la,identical
chakrasamvara,46,6,5,5,ཅི,tschi,exact_count,tschi,identical
chakrasamvara,46,6,6,6,འདོད,dé,exact_count,dö,different
chakrasamvara,46,6,7,7,པ,pa,exact_count,pa,identical
chakrasamvara,46,7,7,6,སྩོལ,tsdél,anchor_inferred,,unaligned
chakrasamvara,47,1,12,9,གཤེགས,scheg,anchor_inferred,scheg,identical
chakrasamvara,47,2,1,1,དམ,dam,exact_count,dam,identical
chakrasamvara,47,2,2,2,ཚིག,zig,exact_count,zig,identical
chakrasamvara,47,2,3,3,པ,pa,exact_count,pa,identical
chakrasamvara,47,2,4,4,རང,rang,exact_count,rang,identical
chakrasamvara,47,2,5,5,ལ,la,exact_count,la,identical
chakrasamvara,47,2,6,6,ཐིམ,thim,exact_count,thim,identical
chakrasamvara,47,2,7,7,པར,par,exact_count,par,identical
chakrasamvara,47,2,8,8,གྱུར,gyur,exact_count,gyur,identical
chakrasamvara,47,3,14,12,ཉིད,ni,anchor_inferred,ni,identical
chakrasamvara,47,4,3,3,ངང,nyang,anchor_inferred,,unaligned
chakrasamvara,47,4,13,11,གཉིས,ni,anchor_inferred,ni,identical
chakrasamvara,47,5,3,4,བོར,bor,anchor_inferred,bor,identical
chakrasamvara,47,6,1,1,མགྲིན,thrim,anchor_inferred,thrim,identical
chakrasamvara,47,6,3,3,ཨཱཿ,AH,anchor_inferred,AH,identical
chakrasamvara,47,6,8,8,མཚན,tsen,anchor_inferred,tsen,identical
chakrasamvara,48,1,1,1,རབ,rab,exact_count,rab,identical
chakrasamvara,48,1,2,2,འབྱམས,dscham,exact_count,dscham,identical
chakrasamvara,48,1,3,3,ཞིང,sching,exact_count,sching,identical
chakrasamvara,48,1,4,4,གི,gi,exact_count,gi,identical
chakrasamvara,48,1,5,5,རྒྱལ,gyäl,exact_count,gyäl,identical
chakrasamvara,48,1,6,6,བ,wa,exact_count,wa,identical
chakrasamvara,48,1,7,7,ཀུན,kün,exact_count,kün,identical
chakrasamvara,48,1,8,8,གྱི,gyi,exact_count,,unaligned
chakrasamvara,48,1,9,9,དངོས,ngö,exact_count,,unaligned
chakrasamvara,48,3,2,3,སྲས,sa,anchor_inferred,,unaligned
chakrasamvara,48,3,3,4,བརྒྱད,gyü,anchor_inferred,gyü,identical
chakrasamvara,48,3,7,8,བཀྲ,tra,anchor_inferred,tra,identical
chakrasamvara,48,4,7,6,ཉེར,nyer,anchor_inferred,nyer,identical
chakrasamvara,48,5,1,1,བཞུགས,schug,exact_count,schug,identical
chakrasamvara,48,5,2,2,པའེ,pä,exact_count,pä,identical
chakrasamvara,48,5,3,3,དཔའ,pa,exact_count,pa,identical
chakrasamvara,48,5,4,4,བོ,wo,exact_count,wo,identical
chakrasamvara,48,5,5,5,མཁའ,khan,exact_count,khan,identical
chakrasamvara,48,5,6,6,འགྲོ,dro,exact_count,dro,identical
chakrasamvara,48,5,7,7,ཀུན,kün,exact_count,kün,identical
chakrasamvara,48,5,8,8,གྱི,gyi,exact_count,gyi,identical
chakrasamvara,48,5,9,9,གཙོ,tso,exact_count,tso,identical
chakrasamvara,48,6,1,1,ལྷན,län,exact_count,län,identical
chakrasamvara,48,6,2,2,སྐྱེས,kye,exact_count,kye,identical
chakrasamvara,48,6,3,3,བདེ,de,exact_count,de,identical
chakrasamvara,48,6,4,4,བའི,wä,exact_count,wä,identical
chakrasamvara,48,6,5,5,རང,rang,exact_count,rang,identical
chakrasamvara,48,6,6,6,བཞིན,schin,exact_count,schin,identical
chakrasamvara,48,6,7,7,བཅོམ,tschom,exact_count,tschom,identical
chakrasamvara,48,6,8,8,ལྡན,dan,exact_count,,unaligned
chakrasamvara,48,6,9,9,འདས,dä,exact_count,,unaligned
chakrasamvara,48,7,1,1,ཝུ,aus,exact_count,,unaligned
chakrasamvara,48,7,2,2,ཁྱབ,kyab,exact_count,kyab,identical
chakrasamvara,48,7,3,3,བདག,dag,exact_count,dag,identical
chakrasamvara,48,7,4,4,ཧེ,he,exact_count,he,identical
chakrasamvara,48,7,5,5,ཆུ,ru,exact_count,ru,identical
chakrasamvara,48,7,6,6,ཀ,ka,exact_count,ka,identical
chakrasamvara,48,7,7,7,ཡི,yi,exact_count,yi,identical
chakrasamvara,48,7,8,8,བཀྲི,tra,exact_count,tra,identical
chakrasamvara,48,7,9,9,ཤིས,schi,exact_count,schi,identical
chakrasamvara,48,7,10,10,ཤོག,scho,exact_count,scho,identical
chakrasamvara,49,1,1,1,དཔལ,pal,exact_count,päl,different
chakrasamvara,49,1,2,2,ལྡན,dän,exact_count,dän,identical
chakrasamvara,49,1,3,3,ཡེ,ye,exact_count,ye,identical
chakrasamvara,49,1,4,4,ཤེས,sche,exact_count,sche,identical
chakrasamvara,49,1,5,5,མཁའ,khan,exact_count,khan,identical
chakrasamvara,49,1,6,6,འགྲོ,dro,exact_count,dro,identical
chakrasamvara,49,1,7,7,ཡོངས,yong,exact_count,yong,identical
chakrasamvara,49,1,8,8,ཀྱི,kyi,exact_count,kyi,identical
chakrasamvara,49,1,9,9,མགོན,gön,exact_count,gön,identical
chakrasamvara,49,2,1,1,བརྩེ,tse,exact_count,tse,identical
chakrasamvara,49,2,2,2,བའི,wä,exact_count,wä,identical
chakrasamvara,49,2,3,3,སྤྱན,tschän,exact_count,tschän,identical
chakrasamvara,49,2,4,4,གྱིས,gyi,exact_count,gyi,identical
chakrasamvara,49,2,5,5,སྒྲུབ,drub,exact_count,drub,identical
chakrasamvara,49,2,6,6,པ,pa,exact_count,pa,identical
chakrasamvara,49,2,7,7,པོ,po,exact_count,po,identical
chakrasamvara,49,2,8,8,རྣམས,nam,exact_count,nam,identical
chakrasamvara,49,2,9,9,ལ,la,exact_count,la,identical
chakrasamvara,49,3,1,1,ནམ,nam,anchor_inferred,nam,identical
chakrasamvara,49,3,3,3,གཡེལ,yel,anchor_inferred,yel,identical
chakrasamvara,49,4,7,8,བཀྲ,tra,anchor_inferred,tra,identical
chakrasamvara,49,5,1,1,ཁྱབ,khyab,anchor_inferred,khyab,identical
chakrasamvara,49,5,4,4,རེ,dsche,anchor_inferred,dsche,identical
chakrasamvara,49,6,1,1,དྲི,dri,exact_count,,unaligned
chakrasamvara,49,6,2,2,མེད,me,exact_count,,unaligned
chakrasamvara,49,6,3,3,རྒྱལ,gyal,exact_count,,unaligned
chakrasamvara,49,6,4,4,བའི,wa,exact_count,,unaligned
chakrasamvara,49,6,5,5,ཆོས,tschö,exact_count,tschö,identical
chakrasamvara,49,6,6,6,ཚུལ,zül,exact_count,zül,identical
chakrasamvara,49,6,7,7,སྐྱོང,kyong,exact_count,kyong,identical
chakrasamvara,49,6,8,8,བ,wa,exact_count,wa,identical
chakrasamvara,49,6,9,9,ལ,la,exact_count,la,identical
chakrasamvara,49,7,3,3,འཕྲིན,thrin,anchor_inferred,thrin,identical
chakrasamvara,49,7,4,4,ལས,la,anchor_inferred,Iä,different
chakrasamvara,49,7,5,5,ནམ,nam,anchor_inferred,nam,identical
chakrasamvara,50,1,1,1,མར,mar,exact_count,mar,identical
chakrasamvara,50,1,2,2,གྱུར,gyur,exact_count,gyur,identical
chakrasamvara,50,1,3,3,མཁའ,ka,exact_count,ka,identical
chakrasamvara,50,1,4,4,མཉམ,nyam,exact_count,nyam,identical
chakrasamvara,50,1,5,5,སེམས,sem,exact_count,sem,identical
chakrasamvara,50,1,6,6,ཅན,tschän,exact_count,tschän,identical
chakrasamvara,50,1,7,7,ཅི,dschi,exact_count,dschi,identical
chakrasamvara,50,1,8,8,མཆིས,tschi,exact_count,tschi,identical
chakrasamvara,50,1,9,9,པ,pa,exact_count,pa,identical
chakrasamvara,50,2,12,3,ཟབ,sab,anchor_inferred,sab,identical
chakrasamvara,50,2,13,4,མོའི,mö,anchor_inferred,mö,identical
chakrasamvara,50,2,16,7,མཐར,tar,anchor_inferred,tar,identical
chakrasamvara,50,2,18,9,ཏེ,te,anchor_inferred,te,identical
chakrasamvara,50,3,4,4,འཕང,pang,anchor_inferred,pang,identical
chakrasamvara,50,3,5,5,འགྲུན,drub,anchor_inferred,drub,identical
chakrasamvara,50,3,7,7,བཀྲ,tra,anchor_inferred,tra,identical
hayagriva,5,1,1,1,སངས,sang,exact_count,sang,identical
hayagriva,5,1,2,2,རྒྱས,gyda,exact_count,gyä,different
hayagriva,5,1,3,3,ཆོས,tschö,exact_count,tschö,identical
hayagriva,5,1,4,4,དང,dang,exact_count,dang,identical
hayagriva,5,1,5,5,ཚོགས,tshog,exact_count,tshog,identical
hayagriva,5,1,6,6,ཀྱི,kyi,exact_count,kyi,identical
hayagriva,5,1,7,7,མཆོག,tschog,exact_count,tschog,identical
hayagriva,5,1,8,8,རྣམས,nam,exact_count,nam,identical
hayagriva,5,1,9,9,ལ,la,exact_count,la,identical
hayagriva,5,2,6,6,ནེ,ni,anchor_inferred,,unaligned
hayagriva,5,3,5,3,སྦྱིན,dschin,anchor_inferred,dschin,identical
hayagriva,5,3,7,5,བགྱིས,gyi,anchor_inferred,gyi,identical
hayagriva,5,3,9,7,འདི,di,anchor_inferred,di,identical
hayagriva,5,3,10,8,དྲག,dag,anchor_inferred,dag,identical
hayagriva,5,3,11,9,གིས,gyi,anchor_inferred,gyi,identical
hayagriva,5,4,3,3,ཕན,phan,anchor_inferred,,unaligned
hayagriva,6,1,1,1,སེམས,sem,exact_count,sem,identical
hayagriva,6,1,2,2,ཅན,tchän,exact_count,tchän,identical
hayagriva,6,1,3,3,ཐམས,tham,exact_count,tham,identical
hayagriva,6,1,4,4,ཅད,tschä,exact_count,tschä,identical
hayagriva,6,1,5,5,བདེ,de,exact_count,de,identical
hayagriva,6,1,6,6,བ,wa,exact_count,wa,identical
hayagriva,6,1,7,7,དང,dang,exact_count,dang,identical
hayagriva,6,1,8,8,བདེ,de,exact_count,de,identical
hayagriva,6,1,9,9,བའི,wa,exact_count,wä,different
hayagriva,6,1,10,10,རྒྱུ,gyu,exact_count,gyu,identical
hayagriva,6,1,11,11,དང,dang,exact_count,dang,identical
hayagriva,6,1,12,12,ལྡན,dan,exact_count,dän,different
hayagriva,6,1,13,13,པར,par,exact_count,par,identical
hayagriva,6,1,14,14,གྱུར,gyur,exact_count,gyur,identical
hayagriva,6,1,15,15,ཅིག,tschig,exact_count,tschig,identical
hayagriva,6,2,1,1,སེམས,sem,exact_count,sem,identical
hayagriva,6,2,2,2,ཅན,tchän,exact_count,tchän,identical
hayagriva,6,2,3,3,ཐམས,tham,exact_count,tham,identical
hayagriva,6,2,4,4,ཅད,tschä,exact_count,tschä,identical
hayagriva,6,2,5,5,སྡུག,dug,exact_count,dug,identical
hayagriva,6,2,6,6,བསྔལ,ngäl,exact_count,ngäl,identical
hayagriva,6,2,7,7,དང,dang,exact_count,dang,identical
hayagriva,6,2,8,8,སྡུག,dug,exact_count,dug,identical
hayagriva,6,2,9,9,བསྔལ,ngäl,exact_count,ngäl,identical
hayagriva,6,2,10,10,གྱི,gi,exact_count,gi,identical
hayagriva,6,2,11,11,རྒྱུ,gyu,exact_count,gyu,identical
hayagriva,6,2,12,12,དང,dang,exact_count,dang,identical
hayagriva,6,2,13,13,བྲལ,dräl,exact_count,dräl,identical
hayagriva,6,2,14,14,བར,war,exact_count,war,identical
hayagriva,6,2,15,15,གྱུར,gyur,exact_count,gyur,identical
hayagriva,6,2,16,16,ཅག,tschig,exact_count,tschig,identical
hayagriva,6,3,1,1,སེམས,sem,exact_count,sem,identical
hayagriva,6,3,2,2,ཅན,tchän,exact_count,tchän,identical
hayagriva,6,3,3,3,ཐམས,tham,exact_count,tham,identical
hayagriva,6,3,4,4,ཅད,tschä,exact_count,tschä,identical
hayagriva,6,3,5,5,སྡུག,dug,exact_count,dug,identical
hayagriva,6,3,6,6,བསྔལ,ngäl,exact_count,ngäl,identical
hayagriva,6,3,7,7,མེད,me,exact_count,me,identical
hayagriva,6,3,8,8,པའི,pä,exact_count,pä,identical
hayagriva,6,3,9,9,བདེ,de,exact_count,de,identical
hayagriva,6,3,10,10,བ,wa,exact_count,wa,identical
hayagriva,6,3,11,11,དང,dang,exact_count,dang,identical
hayagriva,6,3,12,12,མི,mi,exact_count,mi,identical
hayagriva,6,3,13,13,འབྲལ,dräl,exact_count,dräl,identical
hayagriva,6,3,14,14,བར,war,exact_count,war,identical
hayagriva,6,3,15,15,གྱུར,gyur,exact_count,gyur,identical
hayagriva,6,3,16,16,ཅིག,tschig,exact_count,tschig,identical
hayagriva,6,4,5,5,ཉེ,nye,anchor_inferred,nye,identical
hayagriva,6,4,6,6,རིང,ring,anchor_inferred,ring,identical
hayagriva,6,4,8,8,སྡང,dang,anchor_inferred,dang,identical
hayagriva,6,4,13,13,བཏང,tang,anchor_inferred,,unaligned
hayagriva,6,4,14,14,སྟོམས,nyom,anchor_inferred,,unaligned
hayagriva,7,1,2,2,ལྡན,den,anchor_inferred,,unaligned
hayagriva,7,3,1,1,བཀའ,kan,exact_count,kan,identical
hayagriva,7,3,2,2,དྲུན,darin,exact_count,drin,different
hayagriva,7,3,3,3,ཆེན,tschen,exact_count,tschen,identical
hayagriva,7,3,4,4,པོའི,pö,exact_count,pö,identical
hayagriva,7,3,5,5,སྒོ,go,exact_count,go,identical
hayagriva,7,3,6,6,ནས,nä,exact_count,nä,identical
hayagriva,7,3,7,7,རྗེ,dsche,exact_count,dsche,identical
hayagriva,7,3,8,8,ཟུང,sung,exact_count,sung,identical
hayagriva,7,3,9,9,སྟེ,te,exact_count,te,identical
hayagriva,7,4,2,2,གསུང,sung,anchor_inferred,,unaligned
hayagriva,7,4,7,6,སྩལ,tsäl,anchor_inferred,,unaligned
hayagriva,7,5,2,2,དབྱིངས,ying,anchor_inferred,ying,identical
hayagriva,7,5,6,5,ཞག,schag,anchor_inferred,schag,identical
hayagriva,7,5,7,6,འཁྱིལ,khyil,anchor_inferred,khyil,identical
hayagriva,7,6,1,1,པད,pa,exact_count,,unaligned
hayagriva,7,6,2,2,ཉི,nyi,exact_count,,unaligned
hayagriva,7,6,3,3,བམ,bam,exact_count,,unaligned
hayagriva,7,6,4,4,རོ,ro,exact_count,,unaligned
hayagriva,7,6,5,5,བརྩེགས,tseg,exact_count,,unaligned
hayagriva,7,6,6,6,པའི,pa,exact_count,,unaligned
hayagriva,7,6,7,7,གདན,dan,exact_count,,unaligned
hayagriva,7,6,8,8,སྟེང,teng,exact_count,,unaligned
hayagriva,7,6,9,9,དུ,du,exact_count,,unaligned
hayagriva,7,7,1,1,ཧྲིར,HRIH,exact_count,HRIH,identical
hayagriva,7,7,2,2,ལས,IG,exact_count,Iüä,different
hayagriva,7,7,3,3,བྱང,dschung,exact_count,dschung,identical
hayagriva,7,7,4,4,བའི,wä,exact_count,wä,identical
hayagriva,7,7,5,5,དབང,wang,exact_count,wang,identical
hayagriva,7,7,6,6,ཆེན,tschen,exact_count,tschen,identical
hayagriva,7,7,7,7,རྟ,ta,exact_count,ta,identical
hayagriva,7,7,8,8,མཆོག,tschog,exact_count,tschog,identical
hayagriva,7,7,9,9,དཔལ,päl,exact_count,päl,identical
hayagriva,8,3,1,1,ཞལ,schäl,exact_count,schäl,identical
hayagriva,8,3,2,2,གདངས,dang,exact_count,dang,identical
hayagriva,8,3,3,3,མཆེ,tsche,exact_count,tsche,identical
hayagriva,8,3,4,4,བ,wa,exact_count,wa,identical
hayagriva,8,3,5,5,གཅིགས,tsig,exact_count,tsig,identical
hayagriva,8,3,6,6,ཤིང,sching,exact_count,sching,identical
hayagriva,8,3,7,7,ལྡགས,dschag,exact_count,dschag,identical
hayagriva,8,3,8,8,དམར,mar,exact_count,mar,identical
hayagriva,8,3,9,9,གཡོ,yo,exact_count,yo,identical
hayagriva,8,4,1,1,སྤྱན,tschin,exact_count,tschin,identical
hayagriva,8,4,2,2,གསུམ,sum,exact_count,sum,identical
hayagriva,8,4,3,3,མེ,me,exact_count,me,identical
hayagriva,8,4,4,4,ལྟར,tar,exact_count,tar,identical
hayagriva,8,4,5,5,འབར,bar,exact_count,bar,identical
hayagriva,8,4,6,6,བའི,wä,exact_count,wä,identical
hayagriva,8,4,7,7,ཁྲོ,thro,exact_count,thro,identical
hayagriva,8,4,8,8,གཉེར,nyer,exact_count,nyer,identical
hayagriva,8,4,9,9,བསྡུས,dü,exact_count,dü,identical
hayagriva,8,5,1,1,ཁམས,kham,anchor_inferred,kham,identical
hayagriva,8,5,5,5,ཁྲོད,thrö,anchor_inferred,thrö,identical
hayagriva,8,6,1,1,བསྐམ,kam,exact_count,kam,identical
hayagriva,8,6,2,2,རློན,lön,exact_count,lön,identical
hayagriva,8,6,3,3,ཐོད,thö,exact_count,thö,identical
hayagriva,8,6,4,4,པ,pa,exact_count,pa,identical
hayagriva,8,6,5,5,སྦྲལ,drül,exact_count,drül,identical
hayagriva,8,6,6,6,གདུག,dug,exact_count,dug,identical
hayagriva,8,6,7,7,རྒྱན,gyGn,exact_count,gyän,different
hayagriva,8,6,8,8,གྱིས,gyi,exact_count,gyi,identical
hayagriva,8,6,9,9,བརྒྱན,gyän,exact_count,gyän,identical
hayagriva,8,8,1,1,མཛེས,dze,anchor_inferred,dze,identical
hayagriva,9,1,1,1,ཐ,tha,exact_count,tha,identical
hayagriva,9,1,2,2,མས,mä,exact_count,mä,identical
hayagriva,9,1,3,3,བེ,be,exact_count,be,identical
hayagriva,9,1,4,4,ཅོན,tschön,exact_count,tschön,identical
hayagriva,9,1,5,5,རལ,räl,exact_count,räl,identical
hayagriva,9,1,6,6,གྲི,dri,exact_count,dri,identical
hayagriva,9,1,7,7,འབར,bar,exact_count,bar,identical
hayagriva,9,1,8,8,བ,wa,exact_count,wa,identical
hayagriva,9,1,9,9,བསྣམས,nam,exact_count,nam,identical
hayagriva,9,2,1,1,གླང,lang,exact_count,lang,identical
hayagriva,9,2,2,2,ཆེན,tschen,exact_count,tschen,identical
hayagriva,9,2,3,3,ཀོ,ko,exact_count,ko,identical
hayagriva,9,2,4,4,རློན,lön,exact_count,lön,identical
hayagriva,9,2,5,5,སྟག,tag,exact_count,tag,identical
hayagriva,9,2,6,6,པགས,pag,exact_count,pag,identical
hayagriva,9,2,7,7,ཤམ,scham,exact_count,scham,identical
hayagriva,9,2,8,8,ཐབས,thab,exact_count,thab,identical
hayagriva,9,2,9,9,ཅན,tschän,exact_count,tschän,identical
hayagriva,9,3,1,1,ཞབས,schab,exact_count,schab,identical
hayagriva,9,3,2,2,བཞི,schi,exact_count,schi,identical
hayagriva,9,3,3,3,གཡས,ye,exact_count,ye,identical
hayagriva,9,3,4,4,བསྐུམས,kum,exact_count,kum,identical
hayagriva,9,3,5,5,གཡོན,yön,exact_count,yön,identical
hayagriva,9,3,6,6,བརྐྱངས,kyang,exact_count,kyang,identical
hayagriva,9,3,7,7,ཚུལ,tshül,exact_count,tshül,identical
hayagriva,9,3,8,8,གྱིས,gyi,exact_count,gyi,identical
hayagriva,9,3,9,9,བཞུགས,schug,exact_count,schug,identical
hayagriva,10,1,3,3,གནས,nd,anchor_inferred,,unaligned
hayagriva,10,2,1,1,ཡེ,ye,exact_count,ye,identical
hayagriva,10,2,2,2,ཤེས,sche,exact_count,sche,identical
hayagriva,10,2,3,3,སྤྱན,tschän,exact_count,tschän,identical
hayagriva,10,2,4,4,དྲངས,drang,exact_count,drang,identical
hayagriva,10,2,5,5,དབྱེར,yer,exact_count,yer,identical
hayagriva,10,2,6,6,མེད,me,exact_count,me,identical
hayagriva,10,2,7,7,བརྟན,tän,exact_count,tän,identical
hayagriva,10,2,8,8,པར,par,exact_count,par,identical
hayagriva,10,2,9,9,བཞུགས,schug,exact_count,schug,identical
hayagriva,10,3,6,5,ལྟུང,tung,anchor_inferred,,unaligned
hayagriva,10,3,8,7,སོར,sor,anchor_inferred,,unaligned
hayagriva,10,3,9,8,བཤགས,schag,anchor_inferred,,unaligned
hayagriva,10,5,9,8,བསྡོ,ngo,anchor_inferred,ngo,identical
hayagriva,11,1,1,1,དབང,wang,exact_count,wang,identical
hayagriva,11,1,2,2,ཆེན,tschen,exact_count,!schen,different
hayagriva,11,1,3,3,ཐུགས,thug,exact_count,thug,identical
hayagriva,11,1,4,4,ཀའི,kd,exact_count,kä,different
hayagriva,11,1,5,5,སྔགས,ngag,exact_count,ngag,identical
hayagriva,11,1,6,6,ཕྲེང,threng,exact_count,threng,identical
hayagriva,11,1,7,7,འབར,bar,exact_count,bar,identical
hayagriva,11,1,8,8,བ,wa,exact_count,wa,identical
hayagriva,11,1,9,9,ཡི,yi,exact_count,yi,identical
hayagriva,11,2,1,1,འདོ,do,exact_count,,unaligned
hayagriva,11,2,2,2,ཟེར,ser,exact_count,,unaligned
hayagriva,11,2,3,3,སྤྲོ,tro,exact_count,,unaligned
hayagriva,11,2,4,4,བསྡུ,du,exact_count,,unaligned
hayagriva,11,2,5,5,དོན,dön,exact_count,,unaligned
hayagriva,11,2,6,6,གཉིས,nyi,exact_count,,unaligned
hayagriva,11,2,7,7,སྒྲུབ,drub,exact_count,,unaligned
hayagriva,11,2,8,8,བྱེད,tsche,exact_count,,unaligned
hayagriva,11,2,9,9,པ,pa,exact_count,,unaligned
hayagriva,11,4,1,1,དེ,de,exact_count,de,identical
hayagriva,11,4,2,2,ལྟར,tar,exact_count,tar,identical
hayagriva,11,4,3,3,བསྒྲབས,drub,exact_count,drub,identical
hayagriva,11,4,4,4,པའི,pa,exact_count,pä,different
hayagriva,11,4,5,5,དགེ,ge,exact_count,ge,identical
hayagriva,11,4,6,6,ཚོགས,tshog,exact_count,tshog,identical
hayagriva,11,4,7,7,ཟླ,da,exact_count,da,identical
hayagriva,11,4,8,8,ཟེར,ser,exact_count,ser,identical
hayagriva,11,4,9,9,ལྟར,tar,exact_count,tar,identical
hayagriva,12,1,1,1,ཙ,tsa,anchor_inferred,tsa,identical
hayagriva,12,1,2,2,རྱད,gyü,anchor_inferred,gyü,identical
hayagriva,12,2,1,1,ཡི,yi,exact_count,yi,identical
hayagriva,12,2,2,2,དམ,dam,exact_count,dam,identical
hayagriva,12,2,3,3,ལྷ,Iha,exact_count,Iha,identical
hayagriva,12,2,4,4,ཚོགས,zog,exact_count,zog,identical
hayagriva,12,2,5,5,རྣམས,nam,exact_count,nam,identical
hayagriva,12,2,6,6,ཀྱིས,kyi,exact_count,kyi,identical
hayagriva,12,2,7,7,བཀྲ,ta,exact_count,ta,identical
hayagriva,12,2,8,8,ཤིས,schi,exact_count,schi,identical
hayagriva,12,2,9,9,ཤོག,schog,exact_count,schog,identical
hayagriva,12,4,2,2,སྐོང,kyong,anchor_inferred,kyong,identical
hayagriva,12,4,3,3,སྲང,sung,anchor_inferred,sung,identical
